"id_nearest_pow","dist_nearest_pow"
622,0.110834806205986
1254,9.03610627915697
911,0.273259283670029
1663,0.481998750574917
361,0.222829370946982
361,0.224200106947023
361,0.224306538633016
1510,0.166408219910011
1510,0.164081707035962
361,0.221555898897037
70,0.699209952691035
931,1.78188200615898
1144,0.173077030398929
1139,0.0761598614850527
1456,0.638036963187034
1666,5.36089871362597
1346,0.0510347204979951
331,2.47590108549107
931,1.78188200615901
361,0.223538973412985
361,0.22011181344098
1924,9.93374807698402
1459,9.80257849683503
1459,9.80257849683503
931,1.78188200615907
444,1.36600073242698
866,0.128025719524913
866,0.128025719524942
836,0.125994655362007
1426,0.209592883008014
1355,0.644072146930938
1317,0.075088168246964
866,0.128025719523976
866,0.128025719523919
123,2.84501567506695
945,0.681918259316063
841,0.0656937144821086
223,0.136311355883038
1541,2.28620367914101
1139,0.0793896678750343
90,1.95416120084201
90,1.95416120084201
945,0.681918259315978
1218,54.1913757794669
1663,0.477782271466936
1666,5.36089871362597
1510,0.164140499983972
132,0.208549742954006
1317,0.0750881682469071
1387,0.0411835612750053
104,0.0844269645730265
866,0.128025719523919
945,0.681918259316092
1510,0.164880664179975
1924,3.6367525029211
90,1.95416120084107
866,0.128025719523947
1144,0.173077030399014
841,0.0656937144820233
1510,0.165732986806034
201,0.233285529916969
945,0.681918259315978
945,0.681918259316006
132,0.211067350001002
1317,0.0750881682469924
945,0.681918259316063
1517,4.029140073604
119,0.0398152488290009
201,0.230111943454972
1144,0.173077030398019
124,0.0504912611229997
1940,9.942650778266
1680,0.583247245294984
1663,0.479680720073929
729,0.13769503541991
1182,0.464147891636941
1663,0.477960377251947
1969,1.38676344400199
1924,3.63675250292101
1663,0.47830490344893
1680,0.583045543853018
1364,0.141342650701034
941,53.015982016532
201,0.231594296818997
931,3.86857612095397
201,0.230092483331021
1663,0.476258986040961
1510,0.164099731348017
1144,0.173077030399014
931,1.78188200615904
726,0.146019305087009
1272,0.270023061530026
931,1.78188200615898
1663,0.478816381610926
1968,2.53261006346906
1680,0.580438531260086
622,0.110834806206981
1663,0.477984360382919
931,1.78188200615907
257,0.375173499927001
1663,0.479073267010904
1144,0.173077030399014
945,0.681918259315978
1132,0.97856933013594
931,1.78188200615898
931,1.78188200615901
1663,0.474110283668892
1663,0.477922919759948
1663,0.477605353523984
1663,0.481474867407968
886,0.122903221474985
892,0.147316167607016
1144,0.173077030398986
873,2.24626104870109
201,0.231792377007025
931,3.86857612095403
622,0.110834806206981
613,0.0635139429818992
873,2.24928355559305
1182,0.464147891637936
945,0.681918259316006
201,0.233013120740992
1182,0.464147891637992
873,2.24906329002505
873,2.24707699152404
588,0.252101742329899
523,0.539954401035999
361,0.223821911403007
931,3.86857612095403
1144,0.173077030398929
1946,1.92264988794309
1526,2.08670963510997
201,0.23045036672093
1144,0.173077030398019
432,0.588850505283972
1518,1.88537748097298
1518,1.88579028463101
866,0.128025719523947
1264,8.05684525329499
1456,0.638961342413069
1521,0.847996911455994
593,0.177176712275951
1239,0.604717168547012
921,1.72680409150391
201,0.230800437862968
201,0.235442922888012
931,3.86857612095399
886,0.122899452176966
201,0.232841338278945
201,0.230629016923984
1462,4.81130609718804
1941,0.97914216506598
148,0.358380643519922
201,0.231687245956977
1182,0.464147891638021
866,0.128025719523919
866,0.128025719523976
622,0.110834806206952
931,3.86857612095497
921,1.72680409150294
1518,1.88669431749494
622,0.110834806206924
361,0.221606208176979
931,3.86857612095403
1139,0.0788402322720856
841,0.0656937144820802
921,1.72680409150396
1946,1.92264988794301
201,0.232969182828043
1526,1.92092039914692
257,0.375173499928025
798,3.05272838092102
1538,0.128042188056014
294,0.182480180031973
674,0.0414302969989535
1518,1.88563140001298
622,0.110834806205958
361,0.223902866015038
361,0.223139021087974
1139,0.080857048030083
931,3.86857612095399
873,2.24797771115502
223,0.136311355883947
1462,4.81130609718804
1144,0.173077030398957
17,0.76632304379396
622,0.110834806206014
17,0.766323043793051
17,0.766323043792966
1456,0.638210886156003
17,0.76632304379396
1661,0.502477093460925
201,0.232252953732001
1387,0.0404873497300002
622,0.110834806207009
674,0.0414302969989819
622,0.110834806207009
1139,0.0835422897390572
1056,0.0259375211900306
1456,0.639984542736045
921,1.72680409150394
1663,0.474754643799969
1946,1.92264988794304
361,0.223273512882969
330,0.705564820396091
867,2.23147699786404
663,0.185534088159983
866,0.128025719522981
1056,0.0280438228070068
361,0.222433570993076
68,0.0370129539669506
1510,0.162904975170051
945,0.681918259316063
201,0.231568980961981
1526,1.92092039914598
622,0.110834806206981
387,0.0769625060951
931,3.86857612095397
935,7.581370876975
873,2.24654305382307
1139,0.0813696724520128
1139,0.0765723068460034
1462,4.81130609718812
1182,0.464147891637936
1139,0.0791955841620791
921,1.72680409150402
201,0.229597296241963
1426,0.211041343821933
1431,0.896902890723993
1518,1.88844289306292
914,0.253176163686959
369,0.259870146474952
622,0.110834806205986
1518,1.88624495940292
931,1.78188200615904
1387,0.0417409636360446
866,0.128025719523919
500,0.116535625525046
1510,0.163691860002046
1521,0.847996911455027
931,3.86857612095399
931,1.78188200615901
1056,0.0280725868470313
1139,0.0805002603470655
1238,0.0276363437079965
866,0.128025719523919
1526,1.92092039914601
500,0.116535625525074
1663,0.473099399973961
622,0.110834806205986
622,0.110834806206952
361,0.222140697806026
132,0.206413384801095
1680,0.586629730769005
1518,1.88920453351295
1139,0.0793570227500027
1144,0.173077030399014
1379,2.23261787329193
361,0.223007949845055
866,0.128025719523919
1462,4.81130609718804
201,0.229693666205975
361,0.220930710493036
1931,3.40521127058901
1139,0.0822713033760465
1235,0.660613006476041
1387,0.0414876455889726
361,0.22431779748706
1352,0.330957635940962
1518,1.88401380861694
1650,1.62435521790101
361,0.220737549530014
1139,0.0827171441750352
1139,0.0780904806770764
201,0.229879155373965
931,3.86857612095407
931,3.86857612095399
622,0.110834806207038
1056,0.0249885598650508
1139,0.083181310998043
1087,0.47463014285907
82,0.146505580122067
1317,0.075088168246964
1346,0.0493910979039924
866,0.128025719524004
622,0.110834806205929
201,0.232755977020958
1931,3.40521127058904
1569,1.29690411583704
201,0.230661934779022
674,0.0414302969999767
361,0.221253417642998
931,1.78188200615898
1517,4.029140073604
1144,0.173077030399014
622,0.110834806207009
1387,0.0377079569990144
1056,0.0225750473050539
622,0.110834806205986
65,0.0577127606489114
674,0.0414302969989819
1139,0.0817300836650645
1387,0.0405304631809713
1056,0.024746161775056
67,0.154872408700953
1144,0.173077030398986
361,0.222562735837016
1139,0.0812056136720116
1139,0.0806959806860164
535,0.16880391734901
1139,0.0793214056240856
1387,0.0436881650090015
1387,0.0428163920520603
1379,2.23261787329196
1139,0.0831478171780589
1969,1.38676344400196
1504,3.21354461259904
674,0.0414302969990104
1139,0.0784934252160383
201,0.231264192398953
1605,0.12954664222903
1139,0.0843647048240825
1144,0.173077030397991
302,0.105163272468957
1346,0.049391097903964
201,0.232666224780047
812,1.28542095150297
302,0.110529288698956
357,5.862408739622
921,1.726804091503
873,2.25020543262201
1264,8.05015783792695
812,1.28033049453003
1931,3.40521127058901
1139,0.0834043191750027
1663,0.477405779661922
361,0.225192291487986
718,0.295023169889021
1199,4.69167781589101
793,0.0349406309739777
201,0.233169741272945
945,0.681918259316035
361,0.219942401986998
622,0.110834806207009
201,0.234547419314964
720,0.409731699577009
1521,0.847996911455937
201,0.233111804993968
361,0.225024237431057
361,0.222620198252969
1518,1.88548214705693
1521,0.847996911455965
935,6.35009584581795
1139,0.0804232106160896
361,0.223628089154971
1969,1.38676344400196
361,0.224928221826957
1139,0.0800822449710665
622,0.110834806206924
1144,0.173077030397963
361,0.22275327178204
1526,1.92092039914601
945,0.681918259316063
622,0.110834806206014
622,0.110834806207009
798,3.05465076335796
1940,9.94366542279104
287,6.74128181858001
1795,0.765300743802015
342,0.741993810235073
914,0.253176163687982
1521,0.847996911455027
1518,1.88723288986296
1182,0.464147891638021
622,0.110834806205929
866,0.128025719523976
1969,1.38676344400204
1462,4.81130609718903
628,2.33934407803
1182,0.464147891638021
622,0.110834806206981
1462,4.81130609718906
1663,0.478314356549902
622,0.110834806207038
622,0.110834806207038
1426,0.208399492713994
931,3.86857612095403
633,1.60241323117711
1426,0.210097468364978
1346,0.0493910979029977
1521,0.847996911455965
1387,0.0384863995520277
1426,0.211935507010026
1462,4.81130609718809
674,0.0414302969990104
720,0.413096291185013
622,0.110834806207009
631,1.06470230257602
82,0.146505580121044
931,1.78188200615907
1346,0.0510537065260621
1346,0.0493910979029692
82,0.146505580120959
1355,0.64407214693199
1272,0.270023061529912
622,0.110834806206952
1836,0.0487403235810575
1836,0.0508232615760278
1518,1.88588738055302
1663,0.473943466825887
1569,1.29748673926505
1569,1.29571724359101
930,3.22865348435198
941,0.796019141476023
1663,0.477124223931924
754,0.303994791882019
1889,2.92763922094406
1836,0.0503327844309922
1387,0.0373259462570275
1144,0.173077030399014
1239,0.60608878875496
579,0.120577975440085
1680,0.584488408028989
1518,1.88624075767899
1182,0.464147891637964
674,0.0414302969989535
622,0.110834806205986
945,0.681918259316035
914,0.253176163686931
622,0.110834806207009
1518,1.88665695737893
793,0.0382002001399542
579,0.120577975439005
579,0.120577975440057
627,0.086996565102055
931,3.86857612095407
935,7.58137087697494
201,0.232380735013948
1518,1.88936200662496
1995,1.37687458266308
1387,0.0433778112739844
87,0.0584155897879555
123,2.84501567506601
1312,2.06004821125705
1379,2.23261787329201
620,0.189990132463009
1144,0.173077030399014
1462,4.81130609718809
218,2.77383928889901
1941,0.97914216506598
622,0.110834806206981
1504,0.965318252448014
622,0.110834806207009
622,0.110834806207009
622,0.110834806206924
622,0.110834806207009
622,0.110834806205958
622,0.110834806206924
1478,0.0626107093699204
622,0.110834806205929
1144,0.173077030398929
1387,0.0392963997759921
1387,0.0401648528640237
1387,0.0399180995579798
866,0.128025719523976
201,0.232667185981029
1346,0.0493910979039072
87,0.0591087789900087
930,6.62160958922399
361,0.224917683903072
361,0.221534840853025
361,0.220219653584962
1387,0.0383363921690147
1346,0.0493910979040209
1199,4.69899225221002
201,0.22868082717298
873,2.24686410035699
1387,0.0435474459260377
361,0.221920319425067
921,1.72680409150399
77,5.59941341624298
1518,1.88648347350895
873,2.24836090842305
760,0.318925976791036
1680,0.582180868565104
201,0.231346741958021
357,4.57123558105602
304,0.208353102490037
1387,0.0436245181509776
1387,0.0380973764689543
121,1.17135247152694
921,1.72680409150291
206,0.121938457907078
201,0.23466214029105
674,0.0414302969990104
201,0.232041183740989
201,0.230922425413013
201,0.230312283258968
1387,0.0413226200549843
1387,0.0391390001210254
361,0.223880577032986
361,0.223311745285059
1510,0.161888732617967
1387,0.0350440842680086
1462,4.81130609718804
1650,1.62435521790098
622,0.110834806207038
132,0.208937957494982
1426,0.207266164286978
754,0.306386464452004
361,0.222913636756999
866,0.128025719524942
622,0.110834806205986
104,0.0844269645730549
935,7.58137087697494
1379,2.23261787329193
174,1.35259803043201
1650,1.62435521790101
1379,2.23261787329102
17,0.766323043794046
201,0.231299585247001
451,0.0274408295670412
328,2.37613178983298
1139,0.0761062237660894
124,0.0504912611229713
931,3.86857612095406
1650,1.62435521790107
201,0.231108105712025
361,0.224879114298972
1663,0.476099555977953
124,0.0504912611240229
914,0.253176163687016
655,2.56359317022194
866,0.128025719523919
1526,1.92092039914698
1663,0.477564623197907
1462,4.81130609718804
302,0.109164260379004
328,2.37592408591004
218,0.932498445957094
1379,2.23261787329196
1144,0.173077030398957
104,0.0844269645730265
945,0.681918259316063
1569,1.29486678656906
1139,0.0840661848100979
1521,5.21417558144105
1379,2.23261787329102
124,0.0504912611229713
87,0.0560495444989613
1525,1.30332400058091
754,0.303746441518001
622,0.110834806206952
866,0.128025719523947
323,0.99777529384599
87,0.0579380171510024
1346,0.0493910979029408
1462,4.81130609718809
1462,4.81130609718807
866,0.128025719523919
866,0.128025719524004
500,0.116535625525046
1569,1.29694663609703
123,2.845015675067
82,0.146505580121044
622,0.110834806206924
1663,0.479686200578982
1663,0.47771304490297
1663,0.477594064670996
1931,3.40521127058901
866,0.128025719524004
201,0.232300253218995
931,3.86857612095498
1663,0.473439245566937
866,0.128025719523947
1346,0.049391097903964
945,0.681918259316006
945,0.681918259315978
935,10.7498772085499
1056,0.0293115488440208
70,0.697323722178965
1379,2.23261787329196
1911,6.387634135322
1181,0.420928210107974
361,0.223567377456021
361,0.22181398602504
766,2.47904424791008
87,0.0578350058870285
361,0.222087379381975
1538,0.130854557698001
201,0.230762202953031
361,0.223632554684997
754,0.304632320764
866,0.128025719523919
201,0.233859859029963
201,0.231586654644957
119,0.0383074489600972
866,0.128025719523947
745,0.109228105597992
1139,0.0782445974840016
1526,1.92092039914698
1518,1.88645516702294
1346,0.0493910979029692
1346,0.049391097903964
1346,0.0493910979039356
873,2.24867782902206
1963,1.11441879743094
1526,1.92092039914593
1518,1.8857841539249
873,2.24852387954701
1663,0.477673861431896
1680,0.581661268346096
132,0.206372808850006
945,0.681918259316063
1426,0.211825859355912
1526,1.92092039914598
754,0.30331874774194
1521,0.847996911455965
1462,4.81130609718903
860,0.0998045726369696
361,0.22271484651705
1518,1.88703748459295
1139,0.0825093462781012
622,0.110834806205929
841,0.0656937144811138
1478,0.0641192998988913
1517,4.02914007360403
1525,1.30724998840793
1031,0.549957122916027
201,0.231321279607954
1663,0.479011218758927
1139,0.0777746768119982
866,0.128025719523919
361,0.220328925464997
361,0.219655326338994
1663,0.478906972017938
420,0.244778128260009
866,0.128025719523947
1139,0.0800040449250048
873,2.24706216172504
1680,0.587632331487043
1387,0.0400626174100012
1518,1.88694786278697
368,2.79296240889394
1663,0.4755637981539
1139,0.0794388864129871
82,0.146505580120987
866,0.128025719523919
1721,0.1967344488599
1644,3.18082806991401
1387,0.0419306458479696
361,0.222709452393985
720,0.409159914923947
1663,0.478831704492961
1663,0.480039954187959
1139,0.0831886700360087
931,3.86857612095498
361,0.221140630281013
361,0.220754621613054
420,0.244778128260037
945,0.681918259316063
17,0.766323043792994
1663,0.476161572669952
1518,1.88718067101891
361,0.217082218932973
1139,0.0785317258840053
873,2.24597383806909
1521,6.21537650810907
201,0.22728137649699
1521,0.84799691145497
1836,0.0502717948419615
1868,1.18829663105299
1868,1.18829663105302
674,0.0414302969989819
361,0.219941533343956
223,0.136311355883009
201,0.232747605898936
1663,0.477394655493953
361,0.224176510760969
1663,0.474590474150887
892,0.147316167605965
945,0.681918259316035
1680,0.582686778699014
361,0.222557485919054
1355,0.644072146931961
361,0.220920978253048
201,0.233809516962026
1680,0.583437523983008
1680,0.583414926007066
1680,0.584898073801071
1272,0.270023061529969
1139,0.0771857410850885
1139,0.076273545871004
931,3.86857612095403
931,3.86857612095399
622,0.110834806205986
1721,0.148837416486998
1663,0.477692146631
1518,1.88700337524293
1139,0.0818210340740109
945,0.681918259316035
1364,0.13826594288804
1387,0.0378517901739883
931,3.86857612095405
622,0.110834806206981
866,0.128025719524004
931,3.86857612095403
361,0.22024042787703
361,0.22507588801497
1182,0.464147891636941
1940,9.94444753225599
754,0.304612477633952
361,0.223079686844983
866,0.128025719523009
873,2.24748151882903
1663,0.477736852348983
1379,2.23261787329093
1456,0.64135386320001
931,3.868576120954
65,0.0538610703908944
1663,0.479736363403902
931,3.86857612095405
1650,1.62435521790198
866,0.128025719524004
1663,0.477749971428977
622,0.110834806206014
873,2.24833932970603
1663,0.477493781036941
1426,0.210867301646971
1518,1.88598959712098
754,0.304642707630023
873,2.24773825105001
1721,0.151005136631056
720,0.410302074337977
866,0.128025719524999
866,0.128025719523976
1650,1.62435521790104
1518,1.88693471275693
886,0.121003501687056
931,3.86857612095405
945,0.681918259317058
1663,0.478346748896968
1946,1.92264988794307
201,0.230757635186961
794,2.00729630280298
754,0.306184694175926
202,0.197662058910083
1518,1.88710337948092
1663,0.480527325736915
873,2.25115197140201
1569,1.299287921397
754,0.30522704140796
674,0.0414302969989819
357,4.56405831163892
866,0.128025719523976
201,0.231637659734957
754,0.304323346281961
867,1.67668923298208
1526,1.92092039914593
361,0.222590202361005
945,0.681918259316006
866,0.128025719523919
1663,0.47962341736897
1663,0.478465995780965
931,3.86857612095402
931,3.86857612095406
1650,1.62435521790098
931,3.86857612095406
931,3.86857612095396
866,0.128025719524004
361,0.220248361128995
866,0.128025719523976
931,3.86857612095406
674,0.0414302969989819
1663,0.475531943150941
1426,0.209753377105926
841,0.0656937144820517
1518,1.88965721839293
1521,0.84799691145497
866,0.128025719523976
361,0.22366421727699
866,0.128025719523947
1521,0.847996911456022
361,0.226054983070952
1379,2.23261787329199
361,0.225959035957061
1526,1.92092039914596
892,0.147316167607016
323,0.997775293846047
866,0.128025719523947
1462,4.811306097189
1573,0.566345122697953
1426,0.212230174120009
1521,0.847996911455965
201,0.229615459449008
1518,1.88712365687289
866,0.128025719523919
201,0.230561059113001
745,0.109481214027028
1426,0.207397834730983
1663,0.478481531707956
754,0.302724289996036
1663,0.479207790784926
754,0.302080771351939
1931,3.40521127058909
931,3.86857612095397
1946,1.92264988794307
1181,0.42092821010803
451,0.0274408295669843
328,2.37555281902601
1663,0.479592427203926
931,3.86857612095396
1650,1.62435521790107
1456,0.638171665568024
892,0.147316167607016
892,0.147316167606959
866,0.128025719523947
754,0.303082690502038
361,0.221197304992955
866,0.128025719524942
1663,0.474519125967902
1650,1.62435521790104
1663,0.477926309987907
873,2.24734912081701
1144,0.173077030397963
1946,1.92264988794301
945,0.681918259316035
1426,0.210517566752998
892,0.147316167606988
892,0.147316167606988
361,0.221524975383005
866,0.128025719523976
892,0.147316167606959
892,0.147316167606959
1521,0.847996911454999
892,0.147316167607016
873,2.2514643010951
1663,0.48072486877291
892,0.147316167606959
892,0.147316167606988
1182,0.464147891637992
1521,0.847996911456022
892,0.147316167605993
622,0.110834806205986
1663,0.477024290522962
201,0.233892340755972
357,4.570034241374
921,1.72680409150394
892,0.147316167606931
945,0.681918259316035
1182,0.464147891637992
1521,0.84799691145497
892,0.147316167606988
931,1.78188200615904
892,0.147316167606959
1569,1.29459023091698
892,0.147316167605993
892,0.147316167606022
931,3.86857612095405
935,6.95193011933893
931,3.86857612095503
1663,0.481605448241936
1663,0.475522656118898
945,0.681918259316035
945,0.681918259316006
945,0.681918259316006
945,0.681918259316035
1946,1.92264988794304
674,0.0414302969989251
921,1.72680409150399
866,0.128025719523919
361,0.223294412967022
866,0.128025719523919
1526,1.92092039914701
729,0.137695035418943
866,0.128025719524004
1663,0.476433077054992
1379,2.23261787329201
892,0.147316167605993
1663,0.479543495910889
1663,0.473841716810881
1462,4.81130609718807
500,0.116535625525074
931,3.86857612095501
201,0.232374434834952
1650,1.62435521790098
1663,0.476166855247982
1650,1.62435521790107
945,0.681918259315978
931,3.868576120955
361,0.221848249485959
939,2.50639480272602
1462,4.81130609718809
945,0.681918259315978
945,0.68191825931703
1534,0.233669113175978
754,0.302749571592017
1680,0.582949033151039
1426,0.212747356549926
945,0.681918259316006
945,0.681918259316035
1569,1.29744838667705
873,2.24731358755702
1940,9.94140242378603
1139,0.0809593316321013
1946,1.922649887944
576,0.0514070178519432
1650,1.62435521790005
1663,0.475536610356926
1526,1.92092039914692
674,0.0414302969989251
323,0.99777529384599
1139,0.0840920672920049
361,0.219943115601041
945,0.681918259315978
914,0.253176163686959
866,0.128025719523976
841,0.0656937144820233
921,1.72680409150291
361,0.220654848609968
1139,0.0836676276670403
361,0.223161540215074
1663,0.480795953560914
1663,0.476676746909988
1181,0.420928210108002
945,0.681918259316063
124,0.0504912611230282
1462,4.81130609718909
866,0.128025719524004
1139,0.0808641778590697
1139,0.0837681203720422
1663,0.475853798908986
1663,0.476875547249904
860,0.0998045726370265
866,0.128025719523947
1663,0.476817340869957
323,1.76127632446705
361,0.223953682896962
866,0.128025719524004
1139,0.0828816339229945
1139,0.0762656040870695
1182,0.464147891636941
1521,0.847996911455965
841,0.0656937144819949
841,0.0656937144820233
1182,0.464147891636998
1362,13.353174341728
841,0.0656937144810286
1462,4.81130609718903
866,0.128025719523919
361,0.220435659312017
866,0.128025719523976
931,3.86857612095498
1569,1.294162471324
1426,0.210134701491967
1650,1.62435521790104
935,7.581370876975
873,2.24540251977405
866,0.128025719523976
361,0.221055120873075
1139,0.0803919937760043
1569,1.29761597717302
1182,0.464147891636998
866,0.128025719523919
1139,0.0763275348260777
1663,0.477378749967983
1317,0.0750881682469071
1663,0.478846798722913
1663,0.476647224008985
1663,0.479471510608931
1680,0.582551394517054
873,2.249201662795
873,2.25167289772108
1836,0.0534370649519644
361,0.221213158927071
361,0.222219746288999
1462,4.81130609718807
1663,0.476751035680905
1663,0.475222831999901
1456,0.637346695910026
1456,0.638741123275025
1212,0.296207856343017
1426,0.209712467628947
1661,0.499002837570998
945,0.681918259316063
1663,0.477406930074977
874,0.847594406967971
1387,0.0425582918000202
1913,0.312169975895046
1387,0.0381747702730024
124,0.0504912611229713
361,0.223609088121009
841,0.0656937144810001
361,0.218223687914985
1663,0.478954381560982
1379,0.696755927480012
1379,0.696755927481007
793,0.0377802458179133
841,0.065693714481057
1426,0.212076957616006
1182,0.464147891637992
1182,0.464147891637964
1650,1.62435521790007
931,3.86857612095405
1182,0.464147891637964
1569,1.29637617486
1663,0.479523049487
866,0.128025719523919
914,0.253176163686959
921,0.80696279606596
1182,0.464147891637964
361,0.220926984545969
935,6.35251807495095
935,6.35086777017398
1663,0.476757727691904
931,3.86857612095402
931,3.86857612095399
1663,0.47587294900498
1182,0.464147891637964
1521,0.847996911455908
1521,0.847996911455965
945,0.681918259316063
1569,1.30071071247505
1569,1.29906851668503
1569,1.29902709671902
1569,1.29660476250902
223,0.136311355884004
1663,0.479501500663929
1663,0.477410585326965
931,3.86857612095405
1836,0.055495747218032
1663,0.479601552326926
1521,0.847996911455965
1913,0.312169975895983
1913,0.312169975894989
914,0.253176163687016
1462,4.811306097189
1663,0.479280913989925
914,0.253176163687016
1521,0.847996911456022
361,0.222890270774968
1364,0.137475187562018
1680,0.582285861993029
361,0.222043456305016
1364,0.141171670611953
1663,0.47988798289893
1663,0.480452585179989
1663,0.479977682651935
1663,0.477804847860938
1182,0.464147891636941
1144,0.173077030397991
1663,0.478385588804997
866,0.128025719523976
1663,0.476571364184906
1346,0.0493910979029124
945,0.681918259315978
1663,0.473848715730924
46,0.265036472160034
830,0.152027725794994
945,0.681918259316035
1346,0.0493910979029692
1663,0.478536954617965
1663,0.482051283471947
622,0.110834806206952
1663,0.478077173484991
1426,0.211038847701928
1663,0.475519931312959
361,0.22039365518296
1521,0.847996911455937
931,3.86857612095405
931,3.868576120954
914,0.253176163686987
941,0.796019141475995
1346,0.049391097903964
841,0.0656937144810001
941,0.796019141475966
361,0.222343595368983
931,3.86857612095405
945,0.681918259316063
1426,0.211081466787988
361,0.221227344974949
945,0.681918259316035
1663,0.478219148818965
1569,1.29698219977706
1663,0.479043082312984
1182,0.464147891637936
1182,0.464147891636969
361,0.224796988445064
841,0.0656937144821086
931,3.86857612095396
82,0.146505580121982
1521,0.847996911454942
941,0.796019141477018
1182,0.464147891637936
1663,0.477656606067939
892,0.147316167606988
1569,1.29381989437104
1521,0.84799691145497
1521,0.84799691145497
1521,0.847996911454999
1426,0.209970262155963
1663,0.477315616875984
1182,0.464147891637026
1663,0.477441655048892
1663,0.4763981426089
1521,0.847996911454999
1182,0.464147891638021
1663,0.478320001490943
124,0.0504912611239945
361,0.222923898183041
1521,6.21537650810899
674,0.0414302969990104
1569,1.29390437376503
1663,0.475644161148978
1663,0.476225501797927
1569,1.29736197887698
1569,1.29604081440897
1182,0.464147891637964
1569,1.29612889610107
1569,1.29887064386497
1663,0.481350913964945
1663,0.476610644878889
841,0.0656937144820517
1139,0.0818231038300041
361,0.223740200121995
1517,4.029140073604
361,0.219170834841066
1139,0.0806181340450394
361,0.22443756342102
866,0.128025719524004
622,0.110834806205986
361,0.222364905950997
1139,0.075104145548039
754,0.307972963669926
361,0.223492495050976
980,0.144227182659051
1346,0.0493910979039924
1346,0.0493910979039924
1144,0.173077030399014
223,0.136311355883009
361,0.22328670890704
866,0.128025719524004
861,0.505725672484004
866,0.128025719523919
1521,0.84799691145497
866,0.128025719523976
866,0.128025719523919
361,0.220001357188039
1868,3.11927133271203
1650,1.62435521790098
931,3.86857612095406
892,0.147316167606988
1663,0.476766570152961
1663,0.479360012545897
1663,0.47751545245896
1663,0.474417037399917
1182,0.464147891637964
1663,0.476131947315935
1663,0.481781606736917
622,0.110834806205929
866,0.128025719524004
1182,0.464147891636998
945,0.681918259316006
866,0.128025719523919
1182,0.464147891637992
935,7.58137087697398
931,3.868576120954
1462,4.81130609718903
674,0.0414302969989535
1462,4.81130609718807
866,0.12802571952497
866,0.128025719523947
945,0.681918259316006
945,0.681918259316035
361,0.219562558825032
945,0.681918259316035
945,0.681918259316063
1346,0.0493910979039924
1680,0.583590102657013
841,0.0656937144820802
866,0.128025719524004
1680,0.585778943191031
1139,0.07813809837603
793,0.0374571007100144
1521,0.84799691145497
1914,3.37704949831692
1569,1.29480677278497
361,0.219784932579046
931,3.86857612095397
873,2.25313693617701
1836,0.0527150575339306
866,0.128025719523919
1913,0.312169975895927
1521,0.847996911454914
745,0.111956076246003
873,2.24887921922604
866,0.128025719523919
945,0.681918259316006
1426,0.209870713307936
361,0.226584222400987
1680,0.589124057057063
1521,0.84799691145497
874,0.846283996296989
1521,0.847996911454914
1182,0.464147891637936
361,0.225676010970972
866,0.128025719523947
1521,0.847996911454942
361,0.221984541734997
945,0.681918259316063
1663,0.476067321152954
1521,0.847996911455965
866,0.128025719524004
1836,0.0524091673159433
1569,1.29556764868505
931,3.86857612095403
1521,0.847996911455994
1528,0.370607014254034
1680,0.583635175432988
1521,0.84799691145497
1364,0.136711569655034
1842,0.0844505704899632
1663,0.475868636261993
1521,0.847996911454999
931,3.868576120954
1182,0.464147891636912
945,0.681918259316006
1836,0.0526191372399865
1182,0.464147891638021
1663,0.476661169298978
1426,0.21298861441997
1569,1.29604981316101
931,3.868576120954
1521,0.84799691145497
361,0.220794337321053
1462,4.81130609718909
1663,0.474967489772894
945,0.681918259316063
1680,0.586293786415013
945,0.681918259316035
945,0.681918259316006
1680,0.583989385585085
206,0.121467467817979
622,0.110834806206924
1680,0.583096843879105
945,0.681918259316006
1663,0.474918629269951
1521,0.847996911454942
1663,0.478023015482961
1521,0.84799691145497
1569,1.29743755591102
1521,0.847996911455965
886,0.121584396013958
1663,0.481129852464932
841,0.0656937144811138
1663,0.477335049208989
1569,1.29533610006104
1663,0.474138576891903
1426,0.210497525812002
1182,0.464147891636969
1663,0.477544699532984
935,7.58137087697398
931,3.86857612095397
931,3.868576120954
1387,0.0424446409970471
931,3.86857612095399
1261,0.452018910166004
841,0.0656937144810001
931,3.86857612095397
1721,0.196734448859019
931,3.86857612095403
1663,0.479283718891992
1680,0.584033797085027
931,3.868576120954
1364,0.143499127752051
1663,0.480530746388979
1663,0.479080299664986
361,0.222113606215004
1663,0.481810715282904
1663,0.479906034729964
1663,0.476299543932896
1426,0.212939361573916
1182,0.464147891637964
1182,0.464147891637936
1182,0.464147891637964
1182,0.464147891638021
1182,0.464147891638049
1663,0.476120806859882
892,0.147316167607016
945,0.681918259316063
1462,4.81130609718809
892,0.147316167606959
1139,0.081782884634066
1387,0.0441838487899702
1387,0.0400531722089852
1569,1.29612055733708
1663,0.478235584169909
945,0.681918259316063
1182,0.464147891637936
1663,0.474956644209925
1517,4.02914007360403
945,0.681918259316063
945,0.681918259316063
1680,0.584202858921003
1680,0.584517359377116
1182,0.464147891636941
1868,3.11927133271197
1663,0.476599278217918
931,3.86857612095399
1182,0.464147891637026
841,0.0656937144821086
1426,0.210135714629985
935,6.34884667506995
892,0.147316167606931
1521,0.847996911455965
873,2.24952008879711
1569,1.29649908795207
1521,0.847996911455937
1521,0.847996911454914
931,3.86857612095396
1182,0.464147891637992
1836,0.0510501073359819
931,1.78188200615904
945,0.681918259316006
1510,0.163996733061936
1913,0.312169975894932
945,0.681918259316006
1663,0.47804965133497
1663,0.477481716843897
1663,0.477340560015989
1569,1.29514428371598
935,7.58137087697492
1680,0.583759660837018
1663,0.475465127344989
1663,0.479737337019941
1913,0.312169975894989
1913,0.312169975894989
1182,0.464147891637026
1182,0.464147891637936
1569,1.29655100825505
941,0.796019141477018
1663,0.475481818655936
361,0.220617825442986
87,0.0563127434450337
866,0.128025719523976
1462,4.81130609718909
674,0.0414302969989535
201,0.232677242644002
361,0.221720917243033
1182,0.464147891638021
945,0.681918259316063
1663,0.478754448446921
931,3.86857612095405
1426,0.206322719046995
1182,0.464147891637992
866,0.128025719523947
1569,1.29722539803504
1913,0.31216997589496
873,3.14897421487305
931,3.86857612095399
945,0.681918259316035
1663,0.479088965116972
931,3.86857612095503
892,0.147316167606959
892,0.147316167607016
945,0.681918259316035
1868,3.11927133271197
892,0.147316167605993
1182,0.464147891637964
1569,1.29667486757808
886,0.124570816879043
1663,0.479413101167921
1663,0.477946342202927
1663,0.47580369360594
1663,0.472524586934981
1569,1.296658810163
1569,1.29548771354297
1521,0.847996911454999
914,0.253176163687982
1680,0.583681241109048
886,0.121250771669992
1663,0.478089129930936
1663,0.474663214286977
945,0.681918259316063
914,0.253176163686931
1868,3.11927133271197
1663,0.477600887965963
1182,0.464147891638021
1182,0.464147891638021
1663,0.477609388069993
1663,0.476071885579984
1663,0.47464706251796
945,0.681918259316006
1520,0.449402501411043
892,0.147316167606931
1569,1.29711386714106
1569,1.29168124504997
1182,0.464147891637936
941,0.796019141477046
1663,0.47760705846494
1569,1.29906569855703
1569,1.29784176579108
1663,0.480093406816962
931,3.86857612095405
945,0.681918259316035
941,0.796019141477018
941,0.796019141475995
941,0.796019141477075
1663,0.482252635495968
1379,0.696755927480979
931,3.86857612095403
945,0.681918259316035
1518,1.88386113459097
886,0.122368967442014
1663,0.47983829335692
1663,0.479103331393901
1663,0.478264709272992
1663,0.475452377516916
892,0.147316167606959
1379,0.69675592748095
1379,0.69675592748095
1569,1.29831650930501
931,3.86857612095399
1680,0.581759613790979
1569,1.29566321449704
945,0.681918259316063
941,0.796019141475966
941,0.796019141476023
1663,0.479296312157913
1521,0.84799691145497
941,0.796019141476052
841,0.0656937144810854
1521,0.847996911454999
1836,0.0517719532800527
1663,0.478211719879937
1364,0.135226296363015
892,0.147316167605993
1569,1.299819097539
1212,0.296658195432968
1364,0.13895732170198
1462,4.81130609718804
1182,0.464147891637992
945,0.681918259316006
935,6.35083460535992
284,2.08405906150898
1272,0.270023061528974
464,0.108898378926966
1569,1.29836992503502
931,3.86857612095496
1663,0.474616201115907
1663,0.478310139489906
1663,0.47572507091698
1663,0.482166714934976
931,3.86857612095406
931,3.86857612095396
1663,0.47624245913093
361,0.220054594132961
945,0.681918259316035
914,0.253176163687982
1521,0.84799691145497
914,0.253176163686987
1663,0.477373581951952
695,1.94983402011201
1650,1.62435521790107
945,0.681918259315978
1663,0.478308602443974
945,0.681918259316063
1680,0.582554290975054
1663,0.476342194155933
257,0.37517349992703
1836,0.0558574313439806
1569,1.29692456779497
1182,0.464147891636998
1521,0.84799691145497
874,0.847143064831016
1721,0.196734448859985
945,0.681918259315978
1521,0.847996911456022
1680,0.586631953533072
1139,0.084110321360015
1868,3.119271332712
1680,0.585756678387099
201,0.22895508989896
1663,0.478722336659956
1521,0.847996911455937
892,0.147316167607016
1680,0.582319028461029
914,0.253176163687016
941,0.796019141476989
941,0.796019141476989
201,0.232566130864939
945,0.681918259315978
1336,2.81197671858297
1663,0.47574182854089
1663,0.477967379377986
1663,0.479087397796889
1663,0.479056280189951
1569,1.29618314414904
1663,0.477164267430965
931,3.86857612095396
1663,0.476563985181912
1569,1.29415165550898
945,0.681918259316006
941,0.796019141477018
1663,0.477282934622991
931,3.86857612095403
1663,0.477516798714902
1663,0.473148627976911
1663,0.480578791183916
931,3.86857612095397
1666,5.36089871362495
1680,0.584711427909099
1680,0.586488625759017
1663,0.479356700926985
1663,0.477604624854933
1182,0.464147891636998
931,3.86857612095406
1663,0.478981520564986
1663,0.475708361140988
1569,1.29883238048498
945,0.681918259315978
914,0.253176163687925
949,2.77297185228596
1663,0.481030231195945
1073,1.42887491986701
1569,1.29678158518107
945,0.681918259316063
1663,0.478336957239918
1663,0.481409215833963
1663,0.477916396593884
1663,0.479045140215931
1182,0.464147891637964
1521,0.847996911455994
1663,0.479446638753899
1663,0.477990433279956
1836,0.0530913973040015
914,0.253176163686931
1663,0.479431495137959
1569,1.29795154153697
1663,0.478716929163966
1663,0.475451273557894
945,0.681918259316973
1663,0.47570734416496
1569,1.29822884454106
1836,0.0484037407960329
1836,0.0506518061580152
1680,0.584621247335065
1521,0.847996911455937
1521,0.847996911455965
1663,0.475158039637989
1680,0.584019571317043
1663,0.475796131680966
1663,0.478614255169958
1569,1.29728580250105
1663,0.481266137842908
1569,1.29847646413401
1680,0.582825107985059
1364,0.139232137557997
1521,0.84799691145497
931,3.86857612095399
1569,1.29733183234507
1569,1.29921518621697
1521,0.847996911454999
1569,1.29706982079105
1521,0.847996911454942
931,3.86857612095396
1913,0.312169975895955
1836,0.051853493033974
1663,0.47718312971088
892,0.147316167607016
1182,0.464147891637964
1721,0.19673444885899
1663,0.481138021451926
1663,0.477452882351997
1663,0.477273404772944
1663,0.475983573653991
945,0.681918259316035
1913,0.31216997589604
1663,0.477754772471997
1182,0.464147891638021
1569,1.29647389130201
1569,1.29218805855507
1521,0.847996911455965
914,0.253176163687925
1364,0.142781667684034
1663,0.47778483188398
1663,0.476425388526962
1569,1.29794943203802
931,3.86857612095407
914,0.253176163686959
941,0.796019141476961
1364,0.137467297124061
1868,3.11927133271203
1663,0.478195090540908
892,0.147316167606931
1721,0.196734448859985
1680,0.582141601145054
886,0.124317201005027
1663,0.480143512275902
1663,0.479433274779922
1663,0.47850524421392
1663,0.478058478740962
1663,0.477734557296912
1663,0.477601470575991
1663,0.476542780102932
1663,0.474869514079955
1182,0.464147891637964
1182,0.464147891637992
1569,1.29890447834907
1569,1.29521303004904
931,3.86857612095399
1721,0.196734448858962
1721,0.196734448858962
1721,0.196734448859928
1680,0.584674086387054
1868,1.188296631052
1663,0.481347027441899
1663,0.478320919219897
1663,0.477643540080948
1663,0.477267847389896
1663,0.477071603575951
1663,0.475753272859947
1182,0.464147891637964
1569,1.29893571049601
931,3.86857612095396
914,0.253176163687016
1520,0.455966991647102
1663,0.482992990482956
1663,0.480331728565943
1663,0.479885902382961
1663,0.478158655199906
1663,0.477394853461902
1663,0.476956241021952
1663,0.472299522639986
1182,0.464147891637936
1182,0.464147891638021
1569,1.29682325775804
1569,1.29112284522907
1521,0.847996911455937
931,3.86857612095403
945,0.681918259315978
1212,0.293798263738921
1721,0.19673444885899
1721,0.19673444885899
1663,0.478220158354929
1663,0.477439219476906
1663,0.477320627886968
1663,0.476097512451986
1663,0.47509716092091
1182,0.464147891637026
1182,0.464147891638021
1182,0.464147891636969
1569,1.29711547728505
1569,1.29328880255105
1836,0.054216778506003
1663,0.477054401725979
1663,0.476451863319909
1346,0.0493910979039072
588,0.252101742329955
581,0.159697090404023
1836,0.0519864889400594
1836,0.049477327935989
1346,0.0493910979039072
674,0.0414302969989251
1364,0.140355449703037
1663,0.479351919431991
1521,0.847996911454999
1842,0.0802792973860846
1521,0.847996911455937
1346,0.0493910979029977
1346,0.0493910979039356
1534,0.235137100140946
1569,1.29419877364504
886,0.124122146664064
1212,0.297178728743972
1680,0.586373947953064
931,3.86857612095407
945,0.681918259315978
1212,0.293695162831028
1721,0.196734448858905
1721,0.196734448858933
1663,0.4799389995909
1663,0.479935106114965
1663,0.478072166068927
1182,0.464147891637992
1569,1.29585911480896
1897,5.72948076894289
1521,0.847996911454999
931,3.86857612095403
931,3.86857612095403
1510,0.161607048985957
945,0.681918259316063
1913,0.312169975894989
1364,0.140665389075963
1721,0.196734448859957
1721,0.19673444885899
1868,1.18829663105299
1663,0.479797664019969
1663,0.47827399820892
1663,0.476778842969935
1663,0.476704899557944
1663,0.47557848400092
892,0.147316167606931
1897,5.73223470666196
1521,0.847996911455027
1521,0.847996911454914
1510,0.165631998392001
1528,0.370607014253949
911,0.268696431429987
914,0.253176163687925
914,0.253176163686987
1520,0.448956286519035
1721,0.196734448858962
1663,0.481111781802923
1663,0.476978731017908
892,0.147316167607016
892,0.147316167606931
1569,1.29610152049096
931,3.868576120954
931,1.78188200615907
931,1.78188200615904
945,0.681918259316035
914,0.253176163687925
914,0.253176163686987
914,0.253176163686959
914,0.253176163686931
914,0.253176163687982
1721,0.196734448859928
1680,0.578985815201008
1663,0.481278029763899
1663,0.478105424750908
1663,0.477229061470894
1663,0.476810895616921
1663,0.476748681873914
892,0.147316167607016
892,0.147316167606988
1569,1.30028404183705
1569,1.29745597338103
1569,1.295758837037
931,3.86857612095406
931,3.86857612095406
931,3.868576120954
931,3.86857612095406
931,3.868576120954
914,0.253176163688011
1721,0.196734448858905
1663,0.478481078419918
1663,0.478442229682884
1663,0.478384072491963
1663,0.47772644357488
1663,0.477005730830911
1663,0.47692610615789
1663,0.476293060220911
1663,0.475813058627892
1182,0.464147891638021
1569,1.29590903650003
931,3.86857612095402
1510,0.16493000178005
1212,0.296644517367014
914,0.253176163686931
1364,0.137789114111001
1663,0.479726263420929
1663,0.478034693381915
892,0.147316167606931
1521,0.847996911454942
931,3.86857612095402
1913,0.312169975896012
1913,0.312169975895046
1836,0.047375310169997
1836,0.0504789330579456
941,0.796019141477018
1663,0.479180694516913
931,3.868576120954
931,3.868576120954
945,0.681918259315978
945,0.681918259316006
1914,3.37210461321391
1868,3.11927133271197
1663,0.477294574433927
873,2.24935168807104
931,3.86857612095402
931,3.86857612095403
945,0.681918259316063
945,0.681918259315978
945,0.681918259315978
1528,0.370607014254006
1914,3.37587460222889
1663,0.479049240935893
1663,0.478086631335998
1663,0.474736013809917
1569,1.29710108118306
931,3.86857612095406
931,3.86857612095396
945,0.681918259316063
1528,0.370607014254034
1212,0.297172479863974
1913,0.312169975895017
914,0.253176163687016
1663,0.479810003717887
1663,0.479387662815952
1663,0.47800824600094
1663,0.47728821354292
1663,0.475500149605949
1569,1.29923693046103
1521,0.847996911455908
931,3.86857612095396
931,3.86857612095402
931,3.86857612095396
931,3.86857612095405
931,3.86857612095402
931,3.86857612095498
931,3.86857612095397
931,3.86857612095403
945,0.681918259316063
945,0.681918259316092
945,0.681918259316006
945,0.681918259316006
1528,0.370607014254034
1528,0.370607014254006
1914,3.38105013463294
1913,0.312169975895955
1913,0.312169975894989
1913,0.31216997589604
1913,0.31216997589496
1836,0.0502052964960455
1721,0.196734448858962
1868,3.11927133271203
1663,0.479566093040916
1663,0.478560546735935
1663,0.476873758431992
1663,0.475211024343935
1569,1.29870163821906
1569,1.29808832251499
1569,1.29793901641298
1521,0.847996911455908
1521,0.847996911454942
931,3.86857612095397
931,3.86857612095497
931,3.86857612095403
945,0.681918259315978
945,0.681918259316006
945,0.681918259316006
945,0.681918259316063
1528,0.370607014254063
1528,0.370607014253977
1528,0.370607014254034
935,7.58137087697497
1913,0.312169975894989
1913,0.312169975895955
1836,0.0498309829200423
914,0.253176163686959
914,0.253176163687954
914,0.253176163687982
1520,0.447577258603019
1721,0.19673444885899
1663,0.479507270244909
1663,0.478864809965927
1663,0.477981443904923
1663,0.475557328315944
1663,0.474988670368987
892,0.147316167605936
892,0.147316167606959
1569,1.29819994026104
1569,1.29619859049998
1569,1.29265788870902
1521,0.847996911455908
1521,0.847996911454999
1521,0.84799691145497
1521,0.847996911454942
1521,0.847996911455908
1261,0.452018910165975
931,3.86857612095405
931,3.86857612095399
931,3.86857612095407
931,3.86857612095406
931,3.868576120954
945,0.681918259316035
1528,0.370607014254006
1528,0.370607014254034
1528,0.370607014254006
1836,0.0537088043180347
1836,0.0552935615659749
1721,0.1967344488599
1680,0.580562449663034
1680,0.585454199999106
1868,3.11927133271197
1868,3.119271332712
1663,0.482223399104953
1663,0.481763193074926
1663,0.480870157308914
1663,0.48035516678496
1663,0.480104670391938
1663,0.480101809205962
1663,0.479880161632906
1663,0.479599356274889
1663,0.479462592942923
1663,0.479199113666994
1663,0.479169442463927
1663,0.478738758939926
1663,0.478675575436966
1663,0.478519392671899
1663,0.478515325164921
1663,0.478454069727889
1663,0.478133684261991
1663,0.478112379951909
1663,0.477796527151924
1663,0.477528208993988
1663,0.477435513941998
1663,0.477358099193935
1663,0.477169600618993
1663,0.477120138694914
1663,0.477097579502981
1663,0.477064903519931
1663,0.477055138854951
1663,0.47704226395993
1663,0.477027064153901
1663,0.476796755012941
1663,0.476710412926963
1663,0.47667013801194
1663,0.476648494008998
1663,0.47653064555297
1663,0.476387714837955
1663,0.476242723270929
1663,0.476128300311956
1663,0.475875312561982
1663,0.475790902392959
1663,0.475768269354916
1663,0.475642969722969
1663,0.475028289911961
892,0.147316167606988
892,0.147316167606959
892,0.147316167607016
1182,0.464147891636969
1182,0.464147891637936
1569,1.29719501021907
1569,1.29664010005897
1569,1.29517507954105
931,3.86857612095503
931,3.86857612095399
931,3.86857612095405
931,3.868576120954
931,3.86857612095399
931,3.86857612095397
945,0.681918259316063
945,0.681918259316063
1528,0.370607014254034
1528,0.370607014254034
1212,0.294963840123955
1212,0.297171664228983
1913,0.312169975895046
1913,0.312169975895955
1913,0.312169975895955
1913,0.312169975895983
1913,0.312169975895017
1913,0.312169975895017
1913,0.31216997589496
1836,0.0504175876320403
1836,0.0543725954879903
914,0.253176163686931
914,0.253176163687982
941,0.796019141476989
941,0.796019141477075
941,0.796019141475966
1721,0.196734448858933
1868,1.18829663105294
1868,3.11927133271203
1663,0.481877381285983
1663,0.481300234603907
1663,0.478901355507986
1663,0.478851361354941
1663,0.478401172727928
1663,0.478170977590992
1663,0.477173590457994
1663,0.47658731340195
1663,0.476007855996926
1182,0.464147891637026
1182,0.464147891636941
1569,1.29731786482705
1521,0.847996911455965
1521,0.847996911455937
1521,5.21417558144105
588,0.252101742329984
931,3.86857612095396
931,3.868576120955
931,3.86857612095402
945,0.681918259316063
945,0.681918259317001
945,0.681918259316063
1528,0.370607014254034
1528,0.370607014253949
1212,0.292594730698994
1212,0.29673702547899
1913,0.312169975894932
1836,0.0511611067039723
1836,0.0526310453720384
914,0.253176163687925
1364,0.141165422057981
1721,0.196734448859928
1721,0.196734448859928
1721,0.196734448859928
1721,0.196734448860013
1680,0.580853643273088
1680,0.586660560941084
1868,3.11927133271206
886,0.124864897676957
1663,0.481882462508906
1663,0.48106410014995
1663,0.479431138987991
1663,0.479367461397942
1663,0.479297913800906
1663,0.478311445258953
1663,0.476219045064965
1663,0.476194691638881
1182,0.464147891637992
1569,1.29679445789304
1569,1.29617921320701
1521,0.847996911454999
1521,0.847996911454999
1521,0.847996911454999
1521,0.847996911455908
1073,1.43218644089404
42,0.115966228254962
931,3.86857612095406
945,0.681918259315978
945,0.681918259316006
945,0.681918259316063
945,0.681918259316063
945,0.681918259316035
945,0.681918259316063
945,0.681918259316006
945,0.681918259315978
945,0.681918259316063
945,0.681918259316973
1528,0.370607014253977
1528,0.370607014253977
1528,0.370607014254034
1914,3.3809175089269
1914,3.37980330775289
1914,3.37960492082698
1914,3.37702334975694
1914,3.37586217908895
1913,0.31216997589604
1913,0.312169975895046
1913,0.312169975895017
1913,0.312169975895046
1913,0.312169975894989
1836,0.0490500425620155
1836,0.04950843396702
1836,0.0503870254269714
1836,0.0523138180900276
1836,0.0551864984760186
914,0.253176163686931
914,0.253176163687954
941,0.796019141475966
941,0.796019141476961
941,0.796019141476052
941,0.796019141476989
941,0.796019141475995
941,0.796019141476023
1721,0.196734448859928
1680,0.584855120545058
1868,1.18829663105203
1663,0.480533075560885
1663,0.477669377308899
1663,0.47700167890099
1663,0.476652977817992
1663,0.476636374948924
1663,0.475593406560932
1663,0.475304413342968
892,0.147316167606959
1182,0.464147891637992
1182,0.464147891637964
1569,1.29916226942908
1569,1.29665716123807
1569,1.29656727902997
1569,1.29645141531498
1569,1.29594352789098
1569,1.29503510505705
42,0.119731936552967
931,3.868576120954
931,3.868576120955
945,0.681918259316006
945,0.681918259315978
945,0.681918259316006
945,0.681918259316035
945,0.681918259316063
945,0.681918259316035
1528,0.370607014254006
1528,0.370607014254006
1528,0.370607014254063
1913,0.312169975895017
1836,0.0474010542640144
1836,0.0501155796520152
1836,0.0508269659920586
1836,0.0510858070580298
1836,0.0558502200259738
914,0.253176163687016
914,0.253176163686987
941,0.796019141477075
941,0.796019141475966
941,0.796019141476961
941,0.796019141477046
941,0.796019141477018
941,0.796019141476023
941,0.796019141477046
941,0.796019141475995
941,0.796019141475995
941,0.796019141477018
941,0.796019141476989
941,0.79601914147608
1520,0.452237125322995
1680,0.584760824907022
1663,0.482231140428951
1663,0.479082660216932
1663,0.478895743129925
1663,0.477907997539916
1663,0.477157550276928
1663,0.475813550894941
1182,0.464147891638021
1182,0.464147891637992
1569,1.29685678140007
1569,1.29567109068907
1521,0.847996911455994
1521,0.847996911454999
1521,0.847996911455965
1521,0.84799691145497
931,3.868576120954
931,3.86857612095397
935,0.779434692182917
945,0.681918259315978
945,0.681918259316063
945,0.681918259316035
945,0.681918259315978
945,0.681918259316063
1528,0.370607014254034
1528,0.370607014254006
1528,0.370607014254034
1528,0.370607014253977
1914,3.37905302040099
1212,0.294105408841006
1913,0.312169975895017
1836,0.0510970036660581
914,0.253176163686931
914,0.253176163686959
914,0.253176163686987
914,0.253176163687016
914,0.253176163687954
914,0.253176163687925
941,0.79601914147608
941,0.796019141476052
941,0.796019141476052
1364,0.141099630715985
1721,0.196734448858933
1721,0.196734448859928
1721,0.196734448858905
1721,0.196734448859985
1680,0.584582923397051
1868,1.18829663105302
1868,1.18829663105294
1868,1.18829663105296
1663,0.481597688392952
1663,0.479068476164969
1663,0.478291319844942
1663,0.477551041919924
1663,0.476358289505924
1182,0.464147891637964
1521,0.847996911455027
1521,0.847996911454999
314,0.245621017465027
931,3.86857612095402
945,0.681918259316035
945,0.681918259315978
945,0.681918259316063
1914,3.37642375243598
1913,0.31216997589496
1836,0.0496366630519844
914,0.253176163687982
941,0.796019141476052
941,0.796019141476961
941,0.796019141476052
941,0.796019141475995
1663,0.476821819296958
1663,0.476640167447897
1663,0.476529674442958
1663,0.476084787145965
1663,0.475856788988978
1569,1.29842927067099
1569,1.29726379466902
1569,1.29702187870697
1569,1.294609073255
1521,0.847996911454942
1521,0.847996911455937
1521,0.84799691145497
1521,0.84799691145497
1521,0.847996911455994
874,0.847226549656028
1528,0.370607014254034
1528,0.370607014253949
1836,0.0526492720620126
941,0.796019141477075
1721,0.19673444885899
1663,0.47846111556396
1663,0.47791060923899
1663,0.477479314651902
1663,0.477042276208891
1663,0.474829457690987
1521,0.847996911454914
945,0.681918259316063
945,0.681918259316006
945,0.681918259315978
945,0.681918259316063
1528,0.370607014254034
1913,0.312169975895017
941,0.796019141476023
941,0.796019141476052
1364,0.138881091931978
1364,0.137980858297993
1721,0.1967344488599
1721,0.196734448859928
1663,0.47510497866898
892,0.147316167606988
1182,0.464147891638021
1182,0.464147891636969
1182,0.464147891637964
1517,4.02914007360397
1521,0.847996911455908
931,3.86857612095396
931,3.86857612095403
931,3.86857612095399
931,3.868576120954
931,3.86857612095405
931,3.86857612095397
931,3.86857612095402
931,3.86857612095501
945,0.681918259315978
945,0.681918259316973
945,0.681918259316063
945,0.681918259315978
945,0.681918259315978
945,0.681918259315978
945,0.681918259316006
1528,0.370607014253977
1913,0.31216997589604
1836,0.0503389724100316
914,0.253176163687954
914,0.253176163687954
941,0.796019141476989
941,0.796019141477046
1520,0.449635760011063
1721,0.196734448859957
1721,0.196734448858933
1721,0.196734448858962
1721,0.196734448859928
1680,0.581668843282984
1680,0.582368581051071
1663,0.480119395573894
1663,0.479375685977885
1663,0.478914625816884
1663,0.477418161950993
892,0.147316167606988
892,0.147316167606988
892,0.147316167607016
892,0.147316167606931
1182,0.464147891638021
1182,0.464147891636941
1569,1.295148041001
1521,0.847996911454999
931,5.21753831034901
931,3.86857612095397
931,3.86857612095399
945,0.681918259316035
945,0.681918259316035
945,0.681918259316006
945,0.681918259316006
1528,0.370607014254006
1528,0.370607014254034
1528,0.370607014253949
1528,0.370607014253977
1528,0.370607014254034
1913,0.312169975896012
1836,0.0507292126620484
1836,0.0549249576400541
914,0.253176163686987
914,0.253176163688011
914,0.253176163688011
914,0.253176163686987
1520,0.446637196767
1520,0.451122941473017
1721,0.196734448858905
1721,0.196734448858905
1680,0.583930894461076
1663,0.479082034058933
1663,0.478989560167946
1663,0.477634373901964
1663,0.476943520069909
1663,0.476581278112974
1663,0.475830459820941
892,0.147316167606931
892,0.147316167606931
892,0.147316167606959
892,0.147316167607016
1182,0.464147891636969
1182,0.464147891637992
1569,1.29636772549597
1569,1.29343615296503
1569,1.29020626239105
931,3.86857612095402
931,3.86857612095504
931,3.86857612095406
1510,0.16626416315998
945,0.681918259316006
945,0.681918259316006
1913,0.312169975895017
1836,0.0507632767159407
914,0.253176163687016
914,0.253176163686931
914,0.253176163686959
914,0.253176163686931
941,0.796019141476023
1520,0.450353828737036
1364,0.138583680592006
1721,0.196734448858933
1680,0.586478828743026
1663,0.475676267422926
1663,0.475661759216905
1663,0.474661149658971
1569,1.29792910504906
931,3.86857612095406
931,3.86857612095504
931,3.86857612095403
931,3.86857612095399
931,3.86857612095397
931,3.86857612095397
931,3.86857612095396
931,3.868576120955
931,3.86857612095403
931,3.86857612095402
931,3.86857612095397
931,3.86857612095399
931,3.86857612095405
931,3.86857612095397
931,3.86857612095402
931,3.868576120955
931,3.86857612095403
931,3.86857612095402
931,3.86857612095403
935,0.77833878478495
945,0.681918259316035
945,0.681918259316063
1528,0.370607014255
1528,0.370607014254006
1528,0.370607014254006
1528,0.370607014253977
1913,0.312169975894989
1913,0.312169975896012
1913,0.312169975896012
1836,0.0534425739010373
941,0.796019141475966
941,0.796019141477018
941,0.796019141476961
941,0.796019141475995
1364,0.139799788542035
1663,0.481657167873919
1663,0.480986138237967
1663,0.478571708900887
1663,0.476607367652917
1663,0.475806522236894
1663,0.474685880570945
1569,1.29842981436403
931,3.86857612095405
931,3.86857612095396
931,3.868576120954
931,3.868576120954
931,3.868576120954
931,3.86857612095402
931,3.86857612095399
931,3.86857612095402
931,3.868576120954
1528,0.370607014254006
1913,0.312169975895983
1836,0.0464610757739479
1364,0.142125328587952
1721,0.196734448858905
1721,0.196734448858962
1663,0.479528654864964
1663,0.479511815223958
892,0.147316167606988
892,0.147316167607016
1182,0.464147891637964
931,3.86857612095405
931,3.86857612095406
931,3.86857612095397
931,3.86857612095399
931,3.868576120954
931,3.86857612095405
931,3.86857612095396
931,3.86857612095402
931,3.86857612095403
931,3.86857612095403
945,0.681918259316035
914,0.253176163686931
914,0.253176163686959
941,0.796019141476989
941,0.796019141477018
941,0.796019141476989
1721,0.196734448858905
1721,0.19673444885899
1663,0.480162347422976
1663,0.477715278477945
1663,0.475897724887972
1663,0.472739768740951
892,0.147316167606959
892,0.147316167606931
892,0.147316167606988
892,0.147316167606931
892,0.147316167606959
892,0.147316167606931
892,0.147316167606988
892,0.147316167606959
1182,0.464147891637026
1569,1.29627984465708
931,3.86857612095397
931,3.86857612095397
931,3.86857612095403
945,0.681918259316006
1913,0.312169975895983
1721,0.148372695773077
886,0.124177156609051
1663,0.482081583833889
1663,0.480924953221972
1663,0.477999903736958
1663,0.477026952892942
892,0.147316167606988
892,0.147316167606959
1182,0.464147891637026
1569,1.29498820777107
1521,0.84799691145497
1144,0.173077030398986
1528,0.370607014254063
941,0.796019141477046
1868,3.11927133271203
1521,0.84799691145497
1913,0.31216997589496
1913,0.312169975895017
1836,0.049557031660953
1663,0.480384140178899
931,3.86857612095399
1913,0.312169975894932
1663,0.478614269414976
931,3.868576120955
931,3.868576120954
1528,0.370607014253977
1364,0.137674944430984
1721,0.196734448859928
945,0.681918259316063
1528,0.370607014253949
1663,0.474846019313901
892,0.147316167607016
892,0.147316167606959
1569,1.29640329653503
1569,1.295650500215
1521,0.847996911454942
1337,0.0813679676720369
1521,0.847996911455994
208,0.186349008287976
945,0.681918259315978
874,0.846750865697032
945,0.681918259316063
1663,0.477552492286918
914,0.253176163687954
914,0.253176163687954
1663,0.479380817216963
1663,0.47791575390292
1569,1.29517719108904
1569,1.29290778529307
931,3.86857612095396
931,3.86857612095399
931,3.868576120954
1721,0.196734448858933
1663,0.477961448476947
1663,0.477930032175919
1663,0.477852337760936
1663,0.476813299611905
1663,0.47542208660289
1182,0.464147891638021
1569,1.29394037901906
935,0.778808671952959
1913,0.312169975894932
914,0.253176163687016
914,0.253176163687954
1520,0.449271864851028
1721,0.196734448859928
1968,2.53261006346901
1520,0.453348251742
1663,0.476334374696904
914,0.253176163687016
1663,0.480076042456943
1663,0.476875892706943
1182,0.464147891636998
1663,0.477784719364905
1663,0.4747626762599
1182,0.464147891637936
1569,1.29892330701307
931,3.86857612095405
1913,0.312169975895017
1663,0.47759064027295
1663,0.473838456699923
1569,1.29654395667302
1521,0.84799691145497
201,0.232562678967952
1144,0.173077030399014
1144,0.173077030397991
1144,0.173077030398957
1074,0.268631710443969
1913,0.31216997589496
27,0.1022585315269
1346,0.0493910979039924
642,0.165921745896952
1144,0.173077030398986
1663,0.478008953141909
873,2.25088457842702
201,0.228966921520964
945,0.681918259316063
1569,1.29829267521305
1569,1.29602411403101
1031,0.549957122914975
1031,0.54995712291597
1914,3.38128179388394
414,0.151077874634041
1144,0.173077030398929
1144,0.173077030398986
1144,0.173077030398986
27,0.102258531526928
1462,4.81130609718903
1462,4.81130609718809
1721,0.150517866980067
866,0.128025719523976
124,0.0504912611239661
931,3.86857612095397
1913,0.312169975895927
941,0.796019141475995
941,0.796019141477018
1680,0.585929785467073
1868,3.11927133271197
1663,0.480376012104955
1182,0.464147891637026
1521,0.847996911455027
1521,0.847996911454942
1663,0.477276211642959
1663,0.476153436873972
1520,0.448367222624029
945,0.681918259316063
1914,3.37962269364698
1569,1.297103358687
1663,0.475651963372968
1663,0.477749782295888
949,2.77022300644802
931,3.86857612095406
941,0.796019141475995
1663,0.477976985533985
892,0.147316167606931
1569,1.295131592187
1569,1.30055065458501
1528,0.370607014253977
1528,0.370607014254006
931,3.868576120954
1569,1.29687303819099
1569,1.29616841415299
1073,1.43118000228003
631,1.06288372355212
631,1.06310307763803
361,0.221218355055981
1680,0.583490229094025
1181,0.420928210109054
582,0.184018314360003
1364,0.137582088088976
1663,0.479592654140902
1569,1.298773208809
1073,1.43011870064598
931,3.86857612095397
1364,0.138257132522
1680,0.582617942107049
1680,0.583283406575077
1663,0.477864895546958
1569,1.29756057018506
1569,1.29649915208299
873,4.53072064337405
1073,1.42642969420902
1968,2.53261006346904
941,4.50830087153992
914,0.253176163686931
1521,0.847996911455027
1569,1.29690851743902
1569,1.29612493893103
1569,1.29224035145097
945,0.681918259316035
1663,0.479690156501903
1569,1.29847194996901
1897,0.78458520302803
1521,0.847996911454942
931,3.868576120955
945,0.681918259316063
1868,1.18829663105302
1663,0.478870359379926
1663,0.477091716661988
1663,0.473920007316906
914,0.253176163687954
1569,1.30081571827299
941,0.796019141476989
1462,4.81130609718912
866,0.128025719524004
1836,0.0521600137449525
1914,3.37552407456195
1913,0.312169975895017
892,0.147316167606988
1521,0.847996911454914
1521,0.847996911454999
1521,0.847996911454942
1521,0.847996911454942
914,0.253176163686987
886,0.125618474170011
886,0.120957253017025
1663,0.477398960114954
1663,0.475176973395946
1663,0.474918065076992
1073,1.42557504118201
1073,1.43050043509598
1355,0.64407214693199
361,0.22256654951002
945,0.681918259315978
1528,0.370607014254034
1914,3.37635525590989
1836,0.0526958149720258
1721,0.196734448859957
1663,0.481824269598889
1663,0.478003502244889
1663,0.477486242973981
1663,0.477347833527972
1663,0.476411303149916
1663,0.474571257042982
1182,0.464147891637992
873,3.15030011268303
1521,6.21537650810907
1239,1.69273544275302
361,0.220347852768981
931,3.86857612095407
931,3.86857612095407
1914,3.37573549759392
914,0.253176163686987
1520,0.4480188493051
1680,0.58222666633705
1680,0.583255462516036
1680,0.587735456519027
1663,0.478196368091886
1569,1.29526821586498
1569,1.29421938325601
1897,0.784585203027973
873,2.25053456648305
931,3.86857612095402
1836,0.0517790741040187
1680,0.583179148943032
1663,0.476426107460924
1663,0.47431377249589
1182,0.464147891638021
1569,1.29769883940307
1569,1.29697474374501
1569,1.293712642206
1364,0.140097497508009
1680,0.587014143749087
886,0.122255714532997
1663,0.477959621838949
1663,0.476593637735959
980,0.144227182660018
931,3.86857612095406
1836,0.049306660724028
914,0.253176163688011
1663,0.479891381745972
892,0.147316167606931
1521,0.84799691145497
914,0.253176163687016
1663,0.478082600610918
1663,0.477610690014956
1663,0.475832254570918
1182,0.464147891636998
1569,1.29646508402504
1569,1.29434282387396
941,0.796019141477018
1462,4.81130609718912
1663,0.477644632802935
201,0.232690790236944
914,0.253176163688011
1868,3.11927133271203
1663,0.479173771008931
1663,0.475703816169926
892,0.147316167606931
892,0.147316167606959
1521,0.847996911454914
945,0.681918259316035
892,0.147316167607016
1569,1.29669156833299
866,0.128025719523947
1346,0.0493910979039072
1346,0.0493910979039356
1663,0.477516606303908
1144,0.173077030398957
866,0.128025719523919
866,0.128025719524004
87,0.0590266331149678
1144,0.173077030398957
361,0.219826703325964
1181,0.42092821010803
361,0.221738995312961
361,0.219689606087002
1346,0.0493910979029692
1346,0.0493910979029692
1346,0.049391097903964
866,0.128025719524004
1346,0.0493910979040209
866,0.128025719523976
860,0.0998045726370265
1181,0.42092821010803
1346,0.0493910979039072
866,0.128025719523976
866,0.128025719523976
361,0.222328518589052
1346,0.049391097903964
866,0.128025719523919
361,0.225616416979051
1346,0.0493910979039356
866,0.128025719523976
1680,0.577840885483113
1182,0.464147891637992
361,0.22336596959704
841,0.0656937144810286
1352,0.279097628723974
848,0.101582387393904
1346,0.0493910979039356
361,0.222374298848962
333,1.12557150335596
1346,0.0493910979039924
866,0.128025719523919
361,0.224680253437015
201,0.234692823214033
866,0.128025719523947
1346,0.049391097903964
361,0.218794084764966
1144,0.173077030397963
866,0.128025719523976
27,0.102258531527013
424,0.145106329351961
866,0.128025719523919
361,0.224918135429022
1388,2.02544406549399
1426,0.209129550833921
841,0.0656937144821086
1545,0.0354291377339848
342,0.744351110809049
1346,0.0493910979039924
658,1.24229809945803
1346,0.049391097903964
686,0.368397385819009
1346,0.0493910979039356
361,0.222793191409949
1346,0.0499744111290568
1355,0.644072146930995
104,0.084426964572998
1346,0.0493910979039356
1139,0.0794452926850795
331,0.0305439503798937
686,0.368397385818952
1663,0.479523890501923
361,0.219675542142966
754,0.305589782664015
945,0.681918259316063
1663,0.477711737825956
935,0.78230647131096
1836,0.0525554533059562
1663,0.473924081367898
841,0.0656937144820233
945,0.681918259315978
1528,0.370607014254034
1721,0.196734448858962
1182,0.464147891636969
1956,0.614174863447971
754,0.323434285748021
361,0.219726738958968
1663,0.47867687953692
1250,7.27305468369397
799,4.99707577533394
223,0.136311355884033
1426,0.212281959953941
866,0.128025719523976
42,0.116902542907013
1346,0.0493910979039072
1491,2.34715329718603
1346,0.0493910979039924
223,0.136311355884004
1346,0.0493910979040209
658,1.24309338244606
361,0.22173107304306
323,1.089392161273
1573,0.563509046622983
754,0.321493264301978
1355,0.644072146930938
1346,0.0498374153920054
1573,0.564433227466026
754,0.306748122627994
686,0.368397385818014
866,0.128025719523976
1175,0.171447614603949
754,0.31888226803801
1346,0.0493910979039924
1388,2.03014294926604
754,0.323690949684988
627,0.0793135214389622
794,0.302342387281982
931,3.86857612095396
931,3.86857612095405
945,0.681918259315978
945,0.681918259315978
935,6.95193011933895
935,6.95193011933901
1462,4.627274785975
1462,4.62727478597407
1680,0.582203981295038
1663,0.47857581201589
1663,0.475606634075973
1663,0.475136795595944
1650,10.20874627829
1517,8.82695946518504
1569,1.29640024758501
1517,6.25469456127504
873,3.14900136494106
1521,6.21537650810902
1521,6.21537650810899
1301,0.859982816374895
1368,11.146055514747
331,0.0239915042419625
931,3.86857612095396
931,3.86857612095399
931,3.86857612095407
945,0.681918259315978
945,0.681918259316035
945,0.681918259316035
1836,0.0534818796599552
914,0.253176163686959
1680,0.584638165429055
886,0.126712657499013
886,0.122785763239989
1182,0.464147891638021
1182,0.464147891637964
1569,1.29899892633404
1569,1.29334921364907
1517,6.25469456127496
331,0.0266479592909832
931,3.86857612095405
931,3.86857612095402
945,0.681918259315978
945,0.681918259315978
945,0.681918259315978
1528,0.370607014253949
914,0.253176163687016
914,0.253176163687982
1721,0.196734448859957
1663,0.479367848012913
1663,0.478917512377905
1663,0.478815276065916
1663,0.477546033183927
1663,0.477420429175936
892,0.147316167606931
892,0.147316167606988
1182,0.464147891636969
1182,0.464147891637936
1073,1.42715148471808
331,0.0246274221979661
866,0.128025719523976
931,3.86857612095396
945,0.681918259316035
945,0.681918259316006
945,0.681918259316063
914,0.253176163688011
1721,0.152571346934025
1721,0.196734448859928
1721,0.196734448859957
886,0.123839632274979
1663,0.479302585607911
1663,0.476588409927928
1663,0.476391046820993
1569,1.29652728375399
1521,0.847996911454914
945,0.681918259316035
945,0.681918259316006
1721,0.196734448859019
886,0.123002371041991
1182,0.464147891638021
945,0.681918259316063
1528,0.370607014254063
1680,0.587724232881015
1663,0.478420372897943
1139,0.0787070390530289
745,0.109382242755999
914,0.253176163687016
892,0.147316167607016
1182,0.464147891636998
1569,1.29897373215002
801,0.063011616849991
745,0.111146267054067
931,3.86857612095405
931,3.86857612095402
945,0.681918259316006
914,0.253176163686987
1520,0.450510015510986
1663,0.477802317400915
1663,0.477640227720997
1663,0.476588859706965
1663,0.475503891992986
892,0.147316167606931
1461,0.72264348139592
931,3.86857612095402
931,3.868576120954
945,0.681918259315978
945,0.681918259316006
1721,0.196734448858962
1663,0.479883264605888
1663,0.479341611362912
1663,0.477096960948899
892,0.147316167606959
1182,0.464147891636941
1569,1.29718703174706
866,0.128025719523947
931,3.86857612095399
945,0.681918259316063
945,0.681918259316035
914,0.253176163686931
1364,0.137213583310995
1680,0.581765786752982
1680,0.584213820054998
1663,0.477457314008973
1663,0.477196080108911
1510,0.16528120009599
945,0.681918259316063
945,0.681918259316063
1528,0.370607014253977
1836,0.0507972622339707
914,0.253176163688011
1721,0.151681327723054
1868,1.18829663105302
1663,0.482021733448931
1663,0.479014788635993
1663,0.476722321708934
892,0.147316167605965
892,0.147316167606931
754,0.320299713491949
931,3.86857612095405
931,3.86857612095403
945,0.681918259316006
945,0.681918259317058
914,0.253176163687016
1721,0.196734448858933
1721,0.196734448858962
1663,0.480050119613935
1663,0.478133852995995
892,0.147316167606931
1182,0.464147891637992
1569,1.29836166223498
754,0.321081754950967
754,0.303920341138024
931,3.86857612095406
945,0.681918259316006
945,0.681918259316063
914,0.253176163686931
914,0.253176163687982
1663,0.478464111896898
1663,0.477997913097909
1663,0.47579522350793
931,5.21753831034903
931,3.86857612095503
931,3.86857612095402
945,0.681918259315978
945,0.681918259316035
1663,0.478294598958968
892,0.147316167606959
892,0.147316167606988
841,0.0656937144820802
1346,0.0493910979029692
87,0.0597206829169465
931,5.21753831034904
931,3.86857612095403
931,3.86857612095405
945,0.681918259315978
945,0.681918259316006
1913,0.312169975895927
914,0.253176163687954
1520,0.450364979555019
1868,1.18829663105203
1663,0.477179665905908
1182,0.464147891638021
1569,1.29623025605505
841,0.0656937144821086
1346,0.0493910979039072
931,3.86857612095399
931,3.86857612095403
945,0.681918259316006
914,0.253176163686987
1721,0.196734448860013
1663,0.477989497167954
1663,0.477651160303992
1663,0.475358311761966
1182,0.464147891637964
1569,1.29771626106904
931,3.868576120954
945,0.681918259316063
914,0.253176163686959
1721,0.151286255412003
1721,0.154174233439079
1721,0.196734448858962
1680,0.581621409845042
1663,0.478740994550947
1663,0.477123453143975
1182,0.464147891637992
1182,0.464147891636969
1569,1.297122453345
914,0.253176163686987
914,0.253176163687016
1364,0.143844883327063
1721,0.196734448859928
1868,1.18829663105302
886,0.124586816434999
1663,0.479012878923896
1182,0.464147891637964
1569,1.30011401844706
793,0.0321977429690321
1346,0.0493910979039924
1346,0.0493910979029692
931,3.86857612095397
931,3.868576120954
1510,0.163686627258983
1510,0.16041216569198
945,0.681918259316006
1520,0.450496651652998
1721,0.196734448859019
886,0.122377362038975
1663,0.476898438947956
1569,1.29582839351505
109,0.0220235215900288
931,3.86857612095402
945,0.681918259316035
1528,0.370607014254034
1721,0.19673444885899
1663,0.478442564368919
1182,0.464147891638021
866,0.128025719524004
1663,0.47923580098589
931,3.86857612095405
1510,0.164001741740947
945,0.681918259315978
1520,0.448155288731044
1721,0.196734448858933
1663,0.477145614486886
892,0.147316167606931
1182,0.464147891637964
1569,1.29688139596996
1346,0.0502232755860064
82,0.146505580120987
931,3.86857612095405
945,0.681918259316063
1520,0.453317102201055
1721,0.151777030110082
1721,0.196734448858933
1680,0.585764769733089
1663,0.4778918905659
1182,0.464147891637964
1346,0.0493910979030261
866,0.12802571952497
931,3.86857612095406
945,0.681918259316035
1520,0.450433004115041
1721,0.196734448859985
886,0.126644171537038
1663,0.478887020148989
1517,8.82695946518498
1182,0.464147891637964
1182,0.464147891637936
331,0.0290394075419442
1346,0.0493910979029977
87,0.0596120923090098
945,0.681918259316063
1520,0.453603917181056
1721,0.196734448859957
1663,0.47974072101789
1663,0.47756249873089
1139,0.0805980508310711
1346,0.049391097903964
866,0.128025719523976
945,0.681918259316006
1364,0.13802874446003
1680,0.582423265339088
886,0.124413997133018
1663,0.479818661473928
1663,0.478821670959888
1663,0.473330371021973
1182,0.464147891637992
1182,0.464147891636969
1182,0.464147891636941
866,0.128025719523976
945,0.681918259315978
1528,0.370607014253949
1364,0.139226418022048
1721,0.19673444885899
1680,0.581311600283072
1663,0.478169805187918
1663,0.476563728915892
1663,0.474304349021907
1182,0.464147891637936
1569,1.29554057547301
1346,0.0493910979029124
1346,0.0493910979039924
866,0.128025719523947
931,3.86857612095397
931,3.86857612095403
945,0.681918259316035
1364,0.141199838658025
1721,0.151655301035987
1663,0.479823943512969
1663,0.478338148933943
1663,0.477342346910888
1663,0.47508758913591
1182,0.464147891637936
1182,0.464147891636941
1680,0.585971554159045
886,0.120545557970985
1663,0.47999250678393
1663,0.479927217416929
1663,0.477475046377975
1663,0.476706974618907
1663,0.476375151059955
1182,0.464147891636969
1569,1.29763614727102
1521,0.847996911454942
1346,0.049391097903964
931,5.21753831035006
931,3.86857612095501
945,0.681918259316006
1528,0.370607014254006
1913,0.312169975895983
914,0.253176163688011
1520,0.451545837022991
1721,0.19673444885899
886,0.125276664593059
1663,0.480719932004916
1663,0.478537021770904
1663,0.477794199069905
1182,0.464147891636969
1569,1.29593682631804
931,3.86857612095397
931,3.86857612095403
931,3.86857612095399
945,0.681918259316063
945,0.68191825931504
914,0.253176163687016
1721,0.196734448859985
1663,0.477953661535992
1663,0.477021556408914
1182,0.464147891637992
1569,1.29733141181401
754,0.304998515045952
1528,0.370607014254034
1528,0.370607014254034
1721,0.196734448858905
1663,0.479681336602965
1663,0.47683255360792
1182,0.464147891637964
1182,0.464147891638021
1569,1.29847307667103
1521,0.847996911456022
931,3.86857612095405
945,0.681918259316063
1528,0.370607014254034
914,0.253176163686987
1721,0.196734448858962
1663,0.482978167135968
1663,0.478911328297954
1663,0.478305797220941
1663,0.478232824482916
1663,0.476982372498981
1182,0.464147891638021
1569,1.29858831171805
866,0.128025719523947
931,5.21753831034906
941,0.796019141477046
1593,0.642429389623061
1680,0.584646233936979
1663,0.476922340065983
1663,0.476582215043919
1663,0.476517649488954
892,0.147316167605993
1182,0.464147891637964
931,3.86857612095498
945,0.681918259316006
1721,0.19673444885899
1721,0.196734448859985
1663,0.479190903526927
1663,0.478264969512907
1663,0.477831423603931
1569,1.29650050981505
1317,0.0750881682469924
945,0.681918259315978
1528,0.370607014253977
1913,0.312169975894989
914,0.253176163686931
886,0.120329271448014
1663,0.479446672714943
1182,0.464147891637964
1182,0.464147891637964
945,0.681918259316006
1528,0.370607014253949
914,0.253176163687016
1721,0.19673444885899
1663,0.477626815663996
1663,0.476338091537883
1663,0.476261520975896
892,0.147316167606988
1139,0.0814148735460378
945,0.681918259316063
1913,0.312169975895017
914,0.253176163686931
1663,0.480012553825901
1663,0.476884439537969
1663,0.474758871433977
892,0.147316167606988
1182,0.464147891638049
931,3.868576120954
945,0.681918259315978
1913,0.312169975894989
914,0.253176163687016
1721,0.196734448858962
1663,0.479011333313991
1663,0.477988520605976
1663,0.47723310048093
1663,0.47679150092398
1182,0.464147891636969
1182,0.464147891637964
931,3.86857612095407
945,0.681918259316063
1913,0.312169975895017
1364,0.139072442533006
1721,0.196734448858962
1663,0.478250248911962
1182,0.464147891637026
931,3.868576120954
945,0.681918259316063
1721,0.148976276907035
1721,0.19673444885899
1663,0.478389852661905
1663,0.475930907388943
892,0.147316167607016
892,0.147316167606959
1569,1.29653536911303
754,0.310932034597016
1346,0.0493910979029692
931,3.86857612095406
945,0.681918259316006
914,0.253176163686959
1721,0.196734448858962
1663,0.478740048946889
1663,0.476409540384907
892,0.147316167606931
1182,0.464147891637964
1182,0.464147891638021
1569,1.293608358977
1426,0.211047620259905
87,0.0572621676149936
931,3.86857612095405
945,0.681918259316006
1721,0.196734448858962
1680,0.582883397361087
1663,0.479315139177942
1663,0.47831679418897
1663,0.475602942497943
892,0.147316167606931
892,0.147316167607016
1346,0.0493910979029977
931,3.86857612095397
931,3.86857612095405
945,0.681918259316063
945,0.681918259315978
1528,0.370607014253977
1721,0.196734448859019
1680,0.582753181303019
1868,1.18829663105305
1663,0.479961327604912
1663,0.476343067249928
892,0.147316167606988
1569,1.29510982569201
1569,1.29420582942103
945,0.681918259316035
1913,0.31216997589604
914,0.253176163687016
1721,0.196734448858905
1721,0.196734448859985
1680,0.583163730459006
1680,0.584831900107076
1680,0.586103864757064
1663,0.48033906675596
1663,0.478860575070996
892,0.147316167606022
892,0.147316167606959
892,0.147316167607016
1182,0.464147891636998
1182,0.464147891637936
1569,1.29633553883301
1569,1.29504202814303
931,3.86857612095397
931,3.86857612095399
945,0.681918259315978
1528,0.370607014253977
914,0.253176163686987
1364,0.139139536072065
1721,0.196734448859957
1680,0.584402307495026
1663,0.482509253617962
1663,0.48192004238993
1663,0.481615480192971
1663,0.480405193489986
1663,0.477839182629907
1663,0.476475933690921
892,0.147316167606959
892,0.147316167606988
892,0.147316167606931
1569,1.30001195465306
754,0.302398858818037
931,3.868576120954
931,1.78188200615907
1510,0.158209726626012
945,0.681918259316063
945,0.681918259316063
945,0.681918259315978
945,0.681918259316006
1528,0.370607014253977
914,0.253176163688011
1721,0.196734448859985
1721,0.196734448859957
1721,0.1967344488599
1680,0.585068483273091
1663,0.480226684546892
1663,0.479995562292885
1663,0.476622409137917
1663,0.474648534571969
1182,0.464147891636998
1182,0.464147891637026
1182,0.464147891636969
1569,1.29814083833702
1721,0.19673444885899
1663,0.478272268084908
1569,1.29520317832103
841,0.0656937144820233
841,0.0656937144821086
1346,0.049391097903964
1364,0.136749053528007
866,0.128025719523976
87,0.0567562788029647
1663,0.4792833679019
1663,0.478784170021953
1346,0.0493910979040209
1521,0.847996911455994
1139,0.0776501077680507
1144,0.173077030397991
931,3.86857612095399
931,3.86857612095397
931,1.78188200615901
931,1.78188200615904
945,0.681918259316035
945,0.681918259315978
1836,0.0522732712360039
914,0.253176163686931
1364,0.140000818102038
1721,0.196734448859928
1868,1.18829663105302
1663,0.480275390084955
1663,0.478720443349886
1663,0.477866497616901
1663,0.477150315042906
892,0.147316167605965
1569,1.29690807038503
1521,0.847996911455994
945,0.681918259315978
1528,0.370607014255029
1913,0.312169975894989
914,0.253176163686987
1721,0.196734448858905
1868,1.18829663105203
1663,0.481168888235942
1663,0.478543283286939
1663,0.478454974873983
892,0.147316167606931
1182,0.464147891637936
1569,1.29758850398701
931,3.86857612095496
931,3.86857612095406
945,0.681918259316006
945,0.681918259316035
1913,0.312169975895983
914,0.253176163686931
914,0.253176163686931
1680,0.582828035265095
1663,0.480627551527959
1663,0.479279235223913
1663,0.47908220275292
1663,0.476441176538941
1663,0.475295912745906
892,0.147316167607016
1182,0.464147891637964
1569,1.29898646894307
931,3.86857612095396
945,0.681918259316006
945,0.681918259316035
945,0.681918259316035
1913,0.31216997589496
914,0.253176163687954
1721,0.196734448858962
1721,0.196734448858962
886,0.121734912892975
1663,0.476745679460976
1663,0.475856288740999
1663,0.475012564328921
892,0.147316167607016
1182,0.464147891637026
1569,1.29683615203507
674,0.0414302969989251
931,3.868576120954
945,0.681918259316006
914,0.253176163687954
1721,0.196734448859985
1663,0.479267556949935
1663,0.476665342433961
892,0.147316167605993
1569,1.29778014061307
931,3.86857612095399
945,0.681918259315978
945,0.681918259316063
1364,0.14124030295406
1721,0.19673444885899
1663,0.480748839827982
1663,0.479187188602992
1663,0.476511567251919
1663,0.475961926348958
892,0.147316167605993
1182,0.464147891637964
73,0.159689754072957
931,3.868576120954
931,3.86857612095406
945,0.681918259316063
945,0.681918259315978
945,0.681918259316006
914,0.253176163687982
1663,0.478871800384979
1663,0.477975898786895
1663,0.477620875785959
1663,0.476944504742988
1663,0.476093897618881
1663,0.475645155258974
892,0.147316167606959
1182,0.464147891637026
945,0.681918259316035
945,0.681918259316063
1721,0.196734448860013
1721,0.19673444885899
1663,0.476906508761914
892,0.147316167606931
892,0.147316167605965
892,0.147316167605965
1182,0.464147891636969
1182,0.464147891637992
1182,0.464147891637936
1352,0.33095763593991
931,3.86857612095501
931,3.86857612095504
945,0.681918259315978
914,0.253176163686931
1364,0.137702419062038
1721,0.196734448858962
1680,0.583783990093082
1663,0.480021505968921
1663,0.477827551248907
1663,0.477258482242945
1663,0.476257489383926
1663,0.475605787621987
1663,0.474416818895889
892,0.147316167606988
892,0.147316167606931
1182,0.464147891638021
1182,0.464147891637936
931,3.86857612095397
945,0.681918259315978
945,0.681918259316035
945,0.681918259316063
914,0.253176163687954
1364,0.139084030570984
1721,0.196734448859985
1663,0.476313561729938
892,0.147316167607016
1182,0.464147891638021
931,3.86857612095406
945,0.681918259316063
914,0.253176163687044
1364,0.138383024766057
1721,0.15029723694002
1663,0.481257506352961
1663,0.480395993488941
1663,0.476528718548991
892,0.147316167606959
1569,1.29726537224303
931,3.86857612095406
931,3.86857612095405
945,0.681918259316063
945,0.681918259315978
914,0.253176163686931
892,0.147316167606931
1346,0.0493910979039924
931,3.86857612095507
931,3.86857612095396
945,0.681918259316063
945,0.681918259316063
945,0.681918259316063
945,0.681918259316063
914,0.253176163687016
914,0.253176163687982
1721,0.196734448859985
886,0.121518325969021
1663,0.480927263004901
1663,0.480298700227905
1663,0.476750033377982
1182,0.464147891637992
1346,0.0493910979039356
931,3.86857612095498
931,3.86857612095406
945,0.681918259315978
945,0.681918259316063
914,0.253176163686959
1663,0.477416871293997
1663,0.476192524328894
1663,0.47444028726693
1346,0.0493910979029977
931,3.86857612095403
931,3.868576120954
945,0.681918259316063
945,0.681918259316035
945,0.681918259315978
945,0.681918259315978
1680,0.581602124707047
1663,0.480859827544975
1663,0.477303986257965
1663,0.476905042338899
1663,0.47500439058993
892,0.147316167607016
1182,0.464147891637964
1569,1.29724963429507
931,3.86857612095405
914,0.253176163687954
1663,0.477257345162911
1663,0.475674297276896
1663,0.475665795574884
892,0.147316167606959
331,0.0259077635259075
931,3.86857612095402
945,0.681918259316092
945,0.681918259316006
945,0.681918259316063
945,0.681918259316006
945,0.681918259316035
1721,0.196734448859985
1663,0.476909611827949
1663,0.476443294010892
892,0.147316167606988
892,0.147316167605993
892,0.147316167606022
892,0.147316167606959
1139,0.0806169585810608
931,3.86857612095405
931,3.86857612095397
931,1.78188200615907
945,0.681918259315978
945,0.681918259315978
945,0.681918259316006
945,0.68191825931504
911,0.270946990422004
1721,0.196734448858933
1721,0.196734448858962
1663,0.477620657695951
1663,0.477379213041985
892,0.147316167605965
892,0.147316167606931
1569,1.29380135385097
931,3.868576120955
931,3.86857612095503
931,3.868576120954
945,0.681918259315978
945,0.681918259315978
914,0.253176163686987
914,0.253176163687982
914,0.253176163686931
1721,0.196734448858933
1721,0.196734448858933
1680,0.581342205207051
1663,0.479546752661918
1663,0.479492758782982
1663,0.479227714953993
1663,0.475620046752994
892,0.147316167606959
1182,0.464147891636998
1182,0.464147891636969
931,3.86857612095402
945,0.681918259316063
945,0.681918259316063
945,0.681918259316035
945,0.681918259316092
1663,0.474817833610928
931,3.86857612095501
945,0.681918259315978
945,0.681918259316006
1721,0.196734448858905
1663,0.477398903984891
892,0.147316167606959
931,3.86857612095403
931,3.86857612095396
945,0.681918259315978
945,0.681918259316063
945,0.681918259316006
1721,0.19673444885899
1663,0.481906544996974
1663,0.479382181926951
892,0.147316167606988
892,0.147316167606931
892,0.147316167606959
892,0.147316167606022
931,3.86857612095403
945,0.681918259316006
945,0.681918259316063
945,0.681918259316035
945,0.681918259316063
914,0.253176163686931
1520,0.45408615085006
1721,0.148826411887057
1721,0.1967344488599
1680,0.582444777122021
1663,0.478335971553889
1663,0.47670748711792
892,0.147316167607016
935,6.35191615245793
945,0.681918259315978
945,0.681918259316063
945,0.681918259315978
945,0.681918259316063
945,0.681918259315978
945,0.681918259316035
945,0.681918259316006
1364,0.139851791580043
1680,0.583310843165066
1680,0.583887868969072
1663,0.479598661518935
1663,0.476194225377895
1663,0.474687263736911
892,0.147316167605908
892,0.147316167606988
892,0.147316167606988
931,3.86857612095397
945,0.681918259316035
1528,0.370607014254034
941,0.796019141476052
1721,0.196734448858933
1663,0.478367672812993
1569,1.29705305871505
945,0.681918259316063
945,0.681918259316006
1364,0.137694623242027
1721,0.1967344488599
1680,0.581957401477069
892,0.147316167606959
931,3.86857612095507
1510,0.164970610096987
945,0.681918259316006
1721,0.196734448858962
1663,0.482552811859932
1663,0.479791375053964
1663,0.474156286252907
892,0.147316167605993
754,0.321496556351974
754,0.305749348793995
931,3.86857612095501
931,1.78188200615901
945,0.681918259317058
945,0.681918259316006
911,0.271583347235946
911,0.27153602085599
1364,0.141655734914025
1569,1.29516532857102
1521,0.84799691145497
1387,0.0437930464469503
945,0.681918259315978
1364,0.143746020302018
1721,0.196734448859985
1721,0.196734448858962
1680,0.584815615649035
1663,0.477754755417919
892,0.147316167606988
201,0.232944301000003
931,3.86857612095406
1510,0.164783146271986
945,0.681918259316063
1520,0.451257949897013
1364,0.138402299225987
1364,0.137577455453936
1721,0.19673444885899
1721,0.1967344488599
1663,0.4793508114509
1663,0.478248191668939
1663,0.476955949238913
1663,0.47595871135789
1364,0.139335819662023
1663,0.478011163035944
892,0.147316167607016
