"id_nearest_gov","dist_nearest_gov"
249,0.00989120882330141
164,0.0167658626514005
241,0.186148855051002
249,0.0222550290808954
122,0.0309550430846102
247,0.0114662310424976
73,0.013622631147193
50,0.00846744345220429
70,0.0103391385974021
250,0.0629203546453994
250,0.0579123463011015
62,0.0184236609787973
10,0.00553349825339922
163,0.0331137678183957
250,0.0671642301019908
124,0.0410855789349007
194,0.0265611609760015
306,0.0120951092904988
260,0.0124724690149982
245,0.00260542575330192
314,0.0182228642238016
250,0.0645930909936965
55,0.00216444660649984
62,0.00365490602549556
24,0.137859647357907
352,0.229877055375397
352,0.234493432988593
250,0.0596999520783932
139,0.0193723702890019
245,0.0206377470765062
122,0.0239193906674942
27,0.00498242260459847
246,0.00679952748080126
241,0.0186901456636974
61,0.00687096805849308
277,0.0360065316510045
30,0.00604423044689639
298,0.489976354429594
245,0.0107978779368949
27,0.0107161728713976
28,0.0792668322782006
250,0.0204830222515042
245,0.0532410268787089
64,0.0103803318252034
349,0.0510903559108087
237,0.00399910352800248
28,0.0562815146437003
28,0.0372790635745091
298,0.481886735033498
250,0.0215291095577044
245,0.00491249835119589
259,0.4289760577783
247,0.0139708776347938
260,0.015536997271294
250,0.0335460815179083
28,0.0127179251634999
21,0.0111957718828037
320,0.010474485936502
79,0.0242935963638118
245,0.0148026531765026
250,0.0332684452695098
250,0.0377546356197023
239,0.157246918570195
28,0.0374300238863086
27,0.0122318251465003
124,0.0413799969459987
243,0.0592086072333018
250,0.0318519353404021
80,0.0137538853863965
250,0.0180233241671921
250,0.0459885570203049
25,0.0270682137745055
30,0.00847048312549958
250,0.0550357480921058
248,0.0598962685092026
23,0.012982499871498
269,0.00600208240479461
122,0.0259985891307011
124,0.0482635954197015
28,0.0126413531011025
27,0.00474809819379374
302,0.0865118037943944
249,0.0462855387032981
247,0.0118420255929976
191,0.0189909470927034
248,0.0132664213090976
247,0.00842118625829613
286,0.0952413088494026
239,0.1441418650843
289,0.0185189005595028
249,0.0403049217810008
249,0.0173669660766009
294,0.421854572543399
250,0.190702013229103
74,0.00640957911209838
250,0.0759311539789991
48,0.00240142025070256
288,0.0120516027520026
250,0.0218819834237962
167,0.0394339462314974
250,0.0682222439101992
186,0.0112147775594025
37,0.0541524178257013
250,0.0218910759066056
249,0.0135198584805991
250,0.0847312898998922
288,0.0114526445528043
311,0.101052021389997
249,0.0542423308003031
115,0.00425350156019633
249,0.0531953273371073
247,0.00887445409950516
250,0.103168082454097
105,0.00505436659579672
249,0.0213946690978943
247,0.00753537766470203
124,0.0457729279446966
250,0.0356287702594038
349,0.0867976937546047
250,0.0722187819622953
250,0.0851498294841946
247,0.0302048214528057
288,0.015588615607502
288,0.0156725052291975
289,0.0289663618785028
289,0.0118334541414065
267,0.0162116086606972
124,0.053323965388703
361,0.0832592702869057
110,0.0123881735727025
250,0.071937216827294
318,0.00887161361869815
123,0.0121924543381056
361,0.0668994507052005
248,0.0436705852385977
250,0.0287790938922079
110,0.0039746536689016
248,0.0325277518827995
248,0.0886197435863956
361,0.0876717909707025
49,0.0166975907645046
117,0.0070861145579002
315,0.0151749539849995
50,0.00994575778770468
250,0.0731542242077943
124,0.0539378970807967
250,0.0101310344929004
250,0.0515993277230997
31,0.00663532430879599
124,0.0486893332225016
134,0.013854490987292
275,0.0363572097695979
275,0.0519629843546063
245,0.0184011164200086
296,0.101984721269602
306,0.0266504494143938
248,0.0667027704120997
145,0.0421610731930961
282,0.0686509313174
249,0.0486851979082026
249,0.059544992504506
92,0.00580375476460304
92,0.0155743731785023
250,0.0818610097420951
289,0.0194148029836043
250,0.0915088180417953
269,0.00689366271010527
74,0.00307763241380243
294,0.0756919459430989
350,0.0748644147388973
37,0.0100094430098956
107,0.00642703540840017
267,0.000664420076798677
27,0.00873076785560301
245,0.0159201260636976
249,0.0181256350083068
271,0.00697957040279462
250,0.074104325337597
249,0.0264438438287975
249,0.0220789452194019
249,0.0184659410254007
275,0.0414160646662012
361,0.167843151707096
271,0.0272732189143987
163,0.0295075317787017
77,0.00509349024270023
250,0.071673834566699
249,0.0182221474650923
204,0.0153607292215909
244,0.0536253249539058
163,0.00914976569849557
249,0.0376102973910015
250,0.0181520676982032
360,0.0064473130724032
250,0.0468596738549962
105,0.00893474992859566
237,0.0365609373513962
271,0.0226244971921936
125,0.0168662050652948
99,0.00732275204060073
177,0.0186938268584953
275,0.0421209591387957
359,0.0176440907039996
70,0.00764760309549928
77,0.00789717636610021
212,0.015400959904099
250,0.0823361302217975
248,0.0976619478437968
76,0.0135121430994971
249,0.0904384671556002
124,0.064597010341501
3,0.0162274965521014
115,0.013085604073197
9,0.019552133137303
9,0.00490636187860005
306,0.00431233931540476
2,0.0118292764372931
320,0.00993497509280417
273,0.00420567870079935
320,0.0273845796517982
115,0.0156358331005997
177,0.00497019048020064
359,0.00537806941419916
222,0.00545746125750668
1,0.020539494084403
306,0.0237475050778038
249,0.0204167459323052
247,0.00732677551649985
250,0.0381025682466039
70,0.00528121012839478
61,0.0120229115522008
27,0.0449452565416024
170,0.0210740592196075
245,0.000547818641202014
9,0.00584934166220208
50,0.0167216159304076
1,0.0198041721191977
250,0.045499013604001
250,0.0335998924929015
42,0.00494017575679706
250,0.0304215859266996
271,0.00586276880069647
57,0.0425345715294014
163,0.0114122046770007
250,0.0752920595836954
250,0.143225166881901
361,0.0693414761933049
222,0.00386478246159783
212,0.0103046660657
328,0.150279795425007
249,0.084795188148906
289,0.0240368298509992
204,0.00743017141979863
249,0.0519999541726008
92,0.00705987957690368
61,0.00905543841849976
271,0.0277528284845943
275,0.0214567792361002
249,0.0242742663013935
67,0.0115854983631003
271,0.0173164191524933
275,0.058272067642001
250,0.102141612163599
1,0.00732041702510244
27,0.0232670211154016
115,0.0244703524566035
248,0.0438620313115976
250,0.0555744211274067
248,0.0573998295848952
250,0.0819937051200981
250,0.0765033918222997
163,0.030848142387601
3,0.0139425322280005
204,0.00452636163599607
33,0.0644016938283016
245,0.019949822248698
250,0.0678119298965001
115,0.0107051378094987
267,0.0109845754199007
319,0.00331712548049623
271,0.00777878188900516
50,0.012032283683105
22,0.014047442464296
249,0.024639496021301
275,0.0555063303444001
237,0.00845350985620286
134,0.0636374955564989
248,0.0399202018823956
122,0.0232497134585969
62,0.00377975744770254
245,0.00366202030589591
294,0.0947296255817029
92,0.00681847691360105
55,0.0123982517922983
248,0.101378565224699
204,0.0187408279379966
286,0.0199423613205028
320,0.00348544848340282
361,0.161787474337597
62,0.00418027114879749
16,0.015208129641195
275,0.0445609315435966
288,0.0548424518750004
76,0.00596648629120011
204,0.00802434790549711
204,0.0100436052698996
122,0.0216176481301957
58,0.0103807687445006
250,0.0825365376689966
249,0.0113663510654014
250,0.0869286313113982
271,0.0133282384972944
1,0.0152625092913006
214,0.00820037838300181
309,0.129385653292893
313,0.175377553446999
13,0.0244794343874943
21,0.0180410964919062
27,0.0168877343889946
27,0.00605133556179283
115,0.0122182227521961
92,0.00529680021099921
248,0.0817800941347961
248,0.0259243029460983
92,0.00705869478820276
177,0.00817387383809631
55,0.0111904416394921
250,0.0882218570094935
248,0.0638444524048047
124,0.0396454107760995
2,0.0158698836019937
318,0.00745588676679532
9,0.00770548367759716
115,0.00498125907179769
1,0.0184767087634974
177,0.0165493169834079
214,0.0046791374089068
320,0.0141532838708009
2,0.014272159229197
1,0.0194252395716994
116,0.0651199010859962
76,0.0115676899664976
204,0.00657830146980132
204,0.0211892366244015
118,0.0133546506055993
204,0.00510859683650722
1,0.015211662530497
320,0.0191191229358978
248,0.0605365704969962
214,0.00441197054860254
286,0.0932571375985987
201,0.0252274726074049
177,0.0199980714897947
204,0.00429289496130281
72,0.0143430140376992
78,0.0110264734628984
204,0.0134987692627035
124,0.0537441821170006
89,0.022318119379598
245,0.0064848413500016
92,0.00505165018869747
202,0.0143988293335084
89,0.0117766779430966
34,0.0270700908194996
249,0.0303151006955993
361,0.0763069798724985
296,0.110577063117304
221,0.00699039823839342
248,0.102799272810397
222,0.00548416411370312
267,0.00424441648880247
73,0.00519180018390131
138,0.032992031726792
297,0.0648857668720026
238,0.0233229250271023
110,0.00226296567290163
250,0.033489683768309
50,0.0168583991067095
135,0.017827590135802
250,0.0618629637077959
273,0.00769527187589603
189,0.00795840243249302
361,0.060496180835802
273,0.00772561183860176
76,0.00952081566600071
62,0.0175655650830038
275,0.0480546336493006
248,0.0580909833411987
250,0.134225800681399
194,0.022351946184294
50,0.00938956111679801
286,0.0796164104233981
77,0.0114064983241065
222,0.00500827484930255
271,0.00852717441370032
124,0.050448166790197
73,0.00105184626040256
250,0.0483330372981996
250,0.0103307064044031
359,0.00974044678590147
115,0.0056439243851969
237,0.0310304094597953
302,0.0947875297708975
93,0.0662793779385993
348,0.0152339189132036
109,0.0111261299721974
249,0.0257348287229995
361,0.0655585048180036
275,0.0247852505967998
248,0.0258001326896995
231,0.011960594401593
318,0.00642807809850154
27,0.0145383614189925
286,0.088890991145405
294,0.0844123638668037
116,0.0326865019178975
248,0.0170171976272009
115,0.0131658176903002
249,0.0767310718239003
247,0.0104816598047996
115,0.0290265490331016
162,0.00138754900600091
76,0.00889601876699686
250,0.0863678723786947
129,0.024696126381702
245,0.0162913275849021
61,0.0187390773779015
361,0.0765680312042036
1,0.0180627110144975
76,0.0218832291491964
249,0.0702424033508073
177,0.00280598859499293
135,0.0168391399351009
180,0.0278087115777979
132,0.0255582671481989
334,0.0167681187703081
250,0.070177927209695
245,0.0207286186876985
27,0.00627545688359277
13,0.0149184532505018
349,0.027706393890405
37,0.0447018168779998
115,0.0180157877467941
250,0.0471726032081072
250,0.0674012769634054
275,0.026447135450006
247,0.0158557875537966
248,0.0271498795551963
248,0.0290438168997973
250,0.0528197018872909
294,0.0651267196804035
289,0.0144022763771012
248,0.0619418500342981
199,0.00858268544119767
34,0.0203783214167927
250,0.0642099198705992
124,0.0628767400775025
320,0.0232509110587955
308,0.119516668922
143,0.0204692323311022
249,0.0442022991082034
275,0.0368332187414033
289,0.0145749703806928
177,0.00731533321769717
271,0.00717654441319837
250,0.0251975153538062
249,0.0344869929485974
271,0.0258783255968993
275,0.0320449034970025
197,0.0191751925712964
166,0.0124380255078975
166,0.00982799268710011
315,0.00467792591959437
250,0.0760701806526995
250,0.134227151342703
91,0.000471260277500107
275,0.0583554243605988
270,0.0120191248679973
320,0.012785116559396
19,0.00237725496869956
28,0.0877037899491029
10,0.0435360615906006
248,0.0570442902924952
160,0.0232525098560075
134,0.0448963255351984
294,0.0774593747426024
90,0.0407804468855133
350,0.0731278906215991
164,0.0141822567653023
201,0.00605932794690744
271,0.00761649762789673
271,0.0118102242329989
271,0.00561343407719761
271,0.0104548120699945
166,0.00421187185440175
359,0.0101142764000954
62,0.0301149160394019
272,0.096449898924007
271,0.0127806530658958
113,0.0600076294777985
245,0.0234603560935014
320,0.0169308473477017
320,0.0142306676362018
320,0.0138916432476037
245,0.0223385290223916
273,0.00764801304529783
245,0.0265159540464026
19,0.0115696406095012
250,0.0693089036195964
50,0.00682093145160678
50,0.0218793193516049
55,0.00991696130429887
1,0.0191600636027971
245,0.00560494376940568
297,0.0544707632401042
108,0.0159134131239007
361,0.0696826265866015
320,0.0179816250374039
50,0.00589908289420293
249,0.0374086375952984
13,0.0557951772191956
275,0.0244027783431022
248,0.0771673624991998
216,0.00561489772839963
249,0.0599268055092992
108,0.00858367441210106
86,0.0330003498300968
45,0.016789327805796
320,0.0186055433511001
1,0.0216065180542984
35,0.0429885026511059
249,0.0431716263825024
41,0.0448216910873001
92,0.0080816286908032
177,0.0097996151777906
92,0.00929514126389819
360,0.00463218436409463
108,0.00740218235329593
269,0.00718599879470005
320,0.0159753174083974
320,0.0163201362468008
70,0.00647548018000066
55,0.0152937237449962
250,0.024455775765702
320,0.0170344456643967
249,0.0824019402785048
288,0.0422583495015019
269,0.00637904291729896
271,0.0104118257768953
28,0.00525099100629944
87,0.0201703254403967
199,0.0276578394011011
55,0.00954354609649499
245,0.00292865875609749
115,0.0244392420612982
79,0.0465408608926055
250,0.156566487790201
248,0.0904232721883957
314,0.0165556478168014
248,0.0336152631537026
248,0.0569559411928999
9,0.0138514162136048
92,0.00320315987070074
119,0.00833859861089792
61,0.0218717628866969
204,0.0098980683334986
242,0.0181262500788009
250,0.0561180600181963
288,0.0343425534336959
110,0.00303508250760132
50,0.0179143382209048
275,0.00394152886660137
243,0.0187255756379017
249,0.00966780067339812
182,0.0280093087489917
245,0.00404653052129333
250,0.0480934486698956
247,0.00240282930309732
249,0.0827848316375004
89,0.0206090721679075
81,0.0203958054007956
90,0.00929565217210637
248,0.0888224942442939
134,0.0373073954496022
35,0.0412263492803078
250,0.0311767641438081
248,0.0699113498341006
204,0.0189086834579015
361,0.0137387438953027
248,0.0573933718393995
242,0.014360360447796
14,0.003223169555298
250,0.027584595867296
227,0.000530787670193433
271,0.00887992370709512
245,0.00738276913290292
103,0.0396893891484922
15,0.00686303914110198
245,0.0134648818465024
249,0.059903665300606
249,0.074818640540304
248,0.0570619413430009
245,0.0112128637290994
27,0.014162349802902
115,0.0219843976130036
248,0.0507010182969942
11,0.0704637791064968
13,0.00356332033530293
166,0.0133622436340985
247,0.00878001757600089
247,0.0114299924787993
288,0.015179279015598
248,0.0976066655291952
245,0.0202069042778987
49,0.009513239501306
250,0.0921056090212957
247,0.00996264625420196
245,0.0240123555387015
27,0.0158582918787999
250,0.0405601420695092
250,0.0445242404096042
250,0.166854157569901
2,0.0116599707645939
10,0.00483451812830538
289,0.041346270771097
257,0.0499884146559992
190,0.0254813854953042
62,0.0122281071930956
73,0.00203113131149735
224,0.0226066685198063
19,0.0371088106111017
50,0.00665089337740454
151,0.0128376155718044
92,0.010570265021606
50,0.00859780396870491
199,0.00444077238260121
249,0.013142585373398
27,0.00398615641020683
72,0.0128571590025004
269,0.00538581297760743
23,0.0242295687045058
245,0.0302642671292972
208,0.0112221355230986
222,0.0242927022289976
250,0.0354800682153993
275,0.0281420842296001
245,0.0196691239703028
275,0.0959049748854923
245,0.0202617145613004
27,0.0159199692865002
361,0.0609259079298994
241,0.132002919221996
250,0.0351027850990953
275,0.0309422726387005
361,0.0632446803011035
288,0.0113051681303986
249,0.0521414819677979
28,0.0171351207798978
250,0.0159589379967997
76,0.0155305947297961
250,0.0380564266353005
199,0.0256878916260916
6,0.0878001059826978
248,0.0449147744203948
249,0.0469834561598006
243,0.00551313044610424
55,0.00498891779660937
275,0.0517653062581971
204,0.0124260280390018
271,0.0115468304705928
245,0.0538917557766041
272,0.118193608568102
248,0.0417509792153012
250,0.0362933555241973
249,0.0223159106724999
102,0.00479337438520133
108,0.00264086944769915
247,0.0101152790892023
361,0.183848700990797
194,0.0183548431811005
27,0.0165118760955991
122,0.0125044052974026
73,0.00356841400529362
50,0.0181932472323041
361,0.178115393366696
247,0.00595458072519861
249,0.0205701666860065
280,0.0109054305500962
243,0.0238432786971003
204,0.0165212009599927
248,0.0705444176194945
249,0.0403540614090012
320,0.00860380219959822
275,0.0348254785657964
37,0.0466479174987988
247,0.0152512849074995
204,0.00360273508020725
16,0.0341434334481008
27,0.0138695331392995
249,0.0495075094715958
8,0.0273155431797996
320,0.0194458144412017
77,0.0130056796148992
189,0.0124494175530074
247,0.0136786944228966
247,0.0103541044527979
237,0.00513489081230034
296,0.228915834205601
250,0.0598689814815963
55,0.00690882259160475
55,0.00723144278710208
280,0.0121835671087034
250,0.0411632225693062
9,0.0239947935038032
247,0.00786373894479908
249,0.0130545787037022
275,0.0240261647181015
62,0.00401268692110079
204,0.00988267702400236
361,0.0844835888466022
249,0.0135056917404981
361,0.0126385242628011
361,0.176137332701796
249,0.029093174482302
249,0.0110031952717975
249,0.0067378875701003
273,0.000630312558001833
361,0.0461823490633009
250,0.0787474661403031
275,0.0612344277706036
275,0.0274707692924991
177,0.0240134445187934
77,0.0104961363515983
87,0.0210318242017991
360,0.00710399105030035
247,0.0115382357094944
62,0.00950154561829919
275,0.019902249952203
248,0.0388353489591005
250,0.0363870444930043
249,0.0593293047154013
55,0.00596111627820051
349,0.0201112752782961
163,0.011766096404294
361,0.197266889388196
70,0.0171572663694022
249,0.00512374041829844
49,0.000972450027894922
249,0.0249232166024029
249,0.0590287324814014
249,0.030151108106196
249,0.0391868011556973
304,0.0525616640250988
222,0.000886598511804948
204,0.0046217793804999
250,0.0724617438091961
250,0.0866831139304978
318,0.00332576169060417
249,0.0500980728273035
247,0.010275114522905
249,0.0180816428661075
163,0.0173336179192951
275,0.0315339652965996
214,0.0138178159851066
249,0.0526021388151037
250,0.00948196838469784
249,0.029459710724705
249,0.00915335645899873
1,0.0100086993071926
249,0.0608770628575037
249,0.0336323386989008
250,0.0773143863356935
115,0.0367002641036969
245,0.00920934514770266
249,0.0536675742022013
250,0.090078771074495
122,0.0356623511119025
77,0.0109780654696934
249,0.0059251819050985
76,0.0226451930063973
249,0.0207621775946016
289,0.0316407588111964
302,0.0592009935661935
199,0.0069357615205945
77,0.00264638780809889
245,0.012672179012803
274,0.0944014580294983
247,0.00870331495999821
289,0.0501830286086964
306,0.0332457546863978
250,0.0917091336467948
320,0.0197456047323037
247,0.000411249431099492
250,0.0662196681467933
288,0.000363473866098474
245,0.0101295795910019
267,0.0156267595012025
271,0.0153308018280995
248,0.0888847512135982
247,0.00899997960550536
61,0.00679863598689678
275,0.0570248514219998
199,0.00566345919990141
248,0.0902411892801958
275,0.0593130692579003
180,0.00419340087910314
245,0.00374468419069984
27,0.0150428297791052
288,0.0246539456496961
249,0.0688565919257975
289,0.00817389610070052
250,0.0759439125770989
250,0.0201861484349024
247,0.0105771248633992
250,0.0318529946218966
250,0.0961642826877984
304,0.0119916224306031
219,0.0418860660690044
199,0.0113116073629982
71,0.0154722079840042
275,0.0141163696538023
288,0.00852063721280061
361,0.0778738886694015
248,0.0436845196042981
198,0.0178916185212046
177,0.0231895208412993
86,0.0248529349658995
27,0.0125456666623052
110,0.00751444356410147
212,0.0193257957838
27,0.0118215679759999
250,0.0534542080430995
62,0.0159164030418992
250,0.031199082883802
245,0.0247010533591947
247,0.00621107032140245
247,0.0166349757509963
250,0.125265705742592
250,0.108951009585493
288,0.0177773876608001
250,0.0661356103603943
250,0.0604175784127925
245,0.00451810374269712
57,0.00979111075779571
245,0.0149244236906014
250,0.0624256982269955
177,0.0190081082792872
247,0.0158858508601973
248,0.0616422521625992
76,0.0149781940513947
244,0.047981386385203
275,0.0303170331202978
361,0.0556238660841011
245,0.00776220667949445
55,0.00851818849810115
245,0.0104332782823988
248,0.0504740517805011
77,0.0108822485899012
289,0.0618329765620018
50,0.00215208708200265
250,0.0640743952804002
248,0.017358637630398
61,0.037432191364104
27,0.0166364506341026
249,0.0763684248742003
77,0.0124438236965005
85,0.0063459593171018
248,0.0591959145389964
273,0.00634281192649766
275,0.0530467318926995
245,0.0269995334940987
72,0.00141204290999752
234,0.0124178132398001
76,0.0191293224097961
267,0.00498506652889574
212,0.00421626752019932
247,0.00946316549159931
199,0.0258727749265972
274,0.111424140250698
250,0.0661363105961961
250,0.0288525642918032
179,0.0178084614546989
121,0.0130604086555977
61,0.0227383994274035
247,0.0159472784906995
250,0.0871649080903971
288,0.0430867804665027
248,0.0529132078835985
306,0.0153744459524034
248,0.0105144890091999
248,0.0244611647133013
245,0.0200269208998023
194,0.0132635100996978
55,0.00752205365979819
27,0.0201304710518926
288,0.0271009058475968
267,0.00204812325280201
247,0.00614863508009478
361,0.0802671381642028
124,0.0530741784818964
250,0.0273938148428954
250,0.0286995287120071
248,0.0580043688239975
62,0.0248781439035994
289,0.00812091104109314
267,0.0113535732154979
82,0.00183268754489774
27,0.0172434395826002
248,0.0112868662176027
248,0.0244688877994967
361,0.0727412930574971
248,0.0137880691418992
361,0.0842219186164996
247,0.00392315788869269
248,0.0146480295842011
267,0.00796391376690053
248,0.0332547686756008
361,0.0580883740742024
267,0.0127226420152979
271,0.00701804923869531
288,0.021005838453096
273,0.0100609408098968
86,0.033430765556794
249,0.0633153924673984
248,0.0346491076409023
250,0.0218935835812069
248,0.0215767852971958
361,0.0939262588898018
248,0.0244924286670027
250,0.0746289557073965
289,0.0123684539287936
289,0.0320873723751944
267,0.0091977403720982
267,0.0178980499001966
250,0.0762025612836936
250,0.1481720751223
250,0.0788462381506925
247,0.0105094831190939
289,0.00688617979290385
250,0.0214319398333025
250,0.0281646384030054
250,0.0254509613130089
250,0.0447261590900041
250,0.023997963534395
177,0.0124784648739009
249,0.0549888355232042
27,0.0104964139568935
54,0.015251914924896
245,0.00396056542060563
250,0.0263597886686
217,0.0209058778308062
27,0.0101063334785962
247,0.00425939118489893
289,0.069307656341298
267,0.0183918632894979
247,0.00793714709179838
267,0.00730563513710081
249,0.0870957505728036
115,0.0360991588264987
250,0.0598716188272945
273,0.00827216080999804
288,0.0303147528319947
243,0.0402677400659996
247,0.00423863879009545
288,0.0368255471061971
250,0.0413314459168035
250,0.0657187545008959
76,0.0103878881268002
250,0.0958346077583911
249,0.0666851463872042
250,0.00667927253690692
250,0.0371996336673064
47,0.0215309394539958
213,0.0148670123692085
249,0.0280044981231029
76,0.0218907031797002
250,0.0751383479858063
250,0.0428964916652035
248,0.0264577224738964
361,0.0677431626179015
302,0.0632117738424967
204,0.020170413297798
250,0.0108792132395017
138,0.0102282166417993
288,0.048582523467001
289,0.013147899489006
250,0.0422627092547998
249,0.0398158020859967
177,0.0311820811264951
76,0.0211443120224999
222,0.0101455913139006
76,0.00364926721579906
213,0.0123169411250004
250,0.144142062704798
250,0.0161406635007069
249,0.0271226039231038
245,0.0113002327446026
20,0.0628801810688984
249,0.0514100669341992
250,0.106573282206494
361,0.193259120425196
55,0.00270963409870006
204,0.00695614081860185
55,0.0108794423947032
288,0.0166149830569005
289,0.0178795727282051
192,0.0241968713833032
122,0.0442147579420009
250,0.0230196681862083
25,0.0099914548872988
249,0.0761221876570062
245,0.0150177989405975
237,0.0174449383626083
194,0.0175568513228015
288,0.0164217155903046
289,0.0130211662552995
243,0.00544327932269795
245,0.00673594644559472
288,0.0053936817236
61,0.0263592073242052
50,0.00434600763910709
245,0.0281129761191039
204,0.00495930675660361
204,0.00983234778700393
163,0.0344149916245975
267,0.00963330039600052
361,0.052159501473902
20,0.0601242464937002
244,0.0597780828773011
248,0.0152071948990979
328,0.119801422280098
20,0.0525052762845988
249,0.0911821300833999
27,0.0447597576970011
249,0.0548846080317027
50,0.0103656341768996
245,0.0136963532617003
250,0.0903768820601982
248,0.0289645667111955
76,0.0122814637248041
288,0.0626763873812948
250,0.127609680165705
248,0.105026682002297
27,0.0153124367272994
55,0.0123253188512962
214,0.00679978309300111
248,0.040687731378295
248,0.050537635934397
245,0.0139038859119012
237,0.0174351146900946
247,0.0100182898267995
30,0.0134296059328918
247,0.0164388633730965
289,0.00905401313820065
248,0.031816042861994
288,0.0143257160644978
249,0.0375199405523006
361,0.0603967320173027
361,0.0772235461992032
250,0.0667432541371049
62,0.00128356192639956
85,0.0156819588394015
249,0.0788180284090068
247,0.0170740426144036
247,0.0183755212669965
306,0.0427411899581003
306,0.0186118907949968
249,0.0432776289685997
105,0.202150722367801
76,0.0146365026015971
320,0.0288940760413006
250,0.100623718226799
250,0.0306150506424068
247,0.0157240058692985
248,0.0669876566647005
320,0.00890878858759692
249,0.075635677798104
1,0.0302627152333947
249,0.0298935831967952
25,0.000356421998397138
249,0.0197625370030075
54,0.00595070227080186
245,0.0672405781439949
54,0.0158867838907994
247,0.0115846111981988
248,0.0904650523242978
248,0.0406444378945032
248,0.0264435982422988
231,0.00108806110059589
61,0.0229260610209039
244,0.0610716101066018
248,0.0387927518929949
248,0.014010976556996
248,0.0280366498353004
250,0.059069897427392
248,0.0230955479704953
248,0.0535507132148005
247,0.00953108909439848
245,0.00805127628940028
249,0.0205430502244006
249,0.0193530303921001
248,0.0147041330665942
62,0.0025946756750983
250,0.118767063396096
250,0.130859486852994
275,0.0265322435749056
250,0.0743337608412986
250,0.0841796577121983
288,0.015014941298098
248,0.0275155950001
361,0.0678250854313021
361,0.0870567213922016
361,0.0626126470696988
250,0.0420639267328085
248,0.0391041615195
248,0.0252216015178988
248,0.0541318560985005
248,0.0583082279916027
76,0.0157830115292015
247,0.0103458346598018
288,0.00794906104829707
250,0.0569871255828964
250,0.0702366160657064
275,0.00739374759220013
249,0.00647227049280374
248,0.054395961664703
249,0.0770446194553003
249,0.0821715466812982
249,0.0174266101670995
249,0.0942654556384994
288,0.00313306416730086
250,0.0473741613876975
249,0.019000638051601
248,0.0830340476311022
50,0.00588927767619651
249,0.0306834154682036
249,0.0671654392293988
76,0.00316728110869491
249,0.0322326479497015
247,0.00858472180979319
249,0.0149537857915973
249,0.0142666765685
247,0.0222073311660971
247,0.00940239484719996
267,0.0120353906360009
248,0.0343832236080992
124,0.0608023412471006
247,0.0157000959554026
27,0.0087937797318034
275,0.00791216657690441
245,0.0292351265457995
250,0.0314419071872045
247,0.0126703850992023
6,0.0143838015072966
241,0.028980570089594
250,0.0281858279113081
27,0.00687775425210191
289,0.0137323568987036
247,0.0144596167938928
115,0.0168157255546966
275,0.00520212413290011
73,0.015027470961698
267,0.00665359672159838
73,0.00989853813130281
248,0.0690357460352971
250,0.0769989488896954
250,0.0610816480311982
249,0.0416136575686998
294,0.0702700185174976
245,0.00762368951850334
243,0.0464058736471955
294,0.0561538081190029
249,0.00453932872590102
55,0.0104583579179973
250,0.0862938671693954
250,0.0287154421718014
76,0.0144678444593964
62,0.0067803245618947
250,0.0128564560888016
288,0.0212126522597025
248,0.0340518094012978
247,0.00813293449489549
248,0.0226037754577
248,0.0470929558679956
55,0.00495374545300109
244,0.0546954545646017
250,0.0659515609423984
17,0.0142369835656027
248,0.0610314688454991
294,0.0763006059975986
248,0.0498089497245964
248,0.00994062905860105
289,0.0129518742008976
248,0.0324841131084987
248,0.0211958057383974
361,0.0736974122717982
361,0.0728417554793026
361,0.0627574805651996
76,0.0219763651127991
275,0.0165335894288035
248,0.0442884828328971
249,0.0237833391780029
248,0.061609005471194
247,0.00916026835969674
288,0.00990795848489867
248,0.0454360971149974
361,0.0508211514214025
267,0.0142684225180965
247,0.00799937441409426
242,0.0140446769317961
76,0.00214108007010338
361,0.00774541096399517
177,0.0265450566381986
248,0.0389933829657956
267,0.00957092505429813
247,0.00869419385659498
248,0.0244086724384012
248,0.0333887379942972
248,0.027081354790603
248,0.0219758262028016
248,0.0494868221469993
249,0.0171315257758984
267,0.0149458602258044
288,0.0151911679313983
244,0.0482485370691066
204,0.0120881171190987
55,0.0038254182880948
248,0.0463098584701029
55,0.0064799654752008
214,0.00552979909800655
50,0.00653123216140727
245,0.00713534155350004
318,0.00390390254370132
361,0.0580535122686037
73,0.0107751865264021
204,0.0171769606856031
199,0.0173937809422
50,0.00470643859539877
276,0.0163371693951007
245,0.0270243004356985
245,0.00476397900959569
116,0.0646624508183997
76,0.0198183418788958
99,0.0150634095459949
27,0.0240960851511005
248,0.0537821559587002
243,0.0414613895681981
249,0.0463916914578064
27,0.0232184015974966
361,0.0529533325698033
245,0.0302165556019034
246,0.0119732108361958
27,0.0273342863970996
73,0.00427958055590238
275,0.0455295189945026
27,0.0065169400984999
288,0.0307522994259983
250,0.0978634971947976
249,0.0293711837937991
248,0.00670596532659928
249,0.0250811185373969
249,0.00372934562429705
249,0.019990391766207
275,0.0121380772053037
249,0.0230008216179058
247,0.0205918866130048
288,0.00965870481460129
288,0.0150659570126983
248,0.0131780763840972
247,0.0104655761374985
289,0.0213747755370015
248,0.0510130213425981
249,0.0107873281146063
271,0.00669739220519361
245,0.0110893816949016
248,0.0192338728426016
250,0.0296092271991064
245,0.0215364942709044
248,0.0523133561539026
294,0.150750675873098
250,0.0699796782442981
249,0.0833371055618031
177,0.00950273433099369
294,0.0912051658700044
243,0.0379725115264975
245,0.0171029910543012
249,0.0106780729873037
250,0.0335940323703063
250,0.0497595581677039
62,0.024053076244094
250,0.0506798102734045
250,0.0430983042570006
249,0.015184159298002
245,0.00860953791999464
249,0.0410347084011029
243,0.0635226726463998
27,0.00680536526969888
249,0.0388290706528025
204,0.00691827630259922
226,0.00594072072579621
248,0.0420495428941017
248,0.0454170750464016
294,0.0794012734324987
249,0.0281734480495963
248,0.0397475993351968
73,0.00560421518989784
250,0.0703724545519933
249,0.0124162645380039
248,0.0825540740552988
250,0.0924361186802969
250,0.0429728892573067
245,0.0306655876776034
249,0.020385134082801
250,0.0685357244224036
248,0.0600118094436013
249,0.0580541549496019
234,0.0167586630442003
361,0.0748842261043023
27,0.0107461151047019
250,0.0311861300643024
249,0.0646063327612048
76,0.0144781945101968
85,0.0092553496958061
249,0.0409989977013971
361,0.0464225896086994
248,0.067355008817696
361,0.0502014645599047
248,0.0145268206510956
50,0.00194899655249969
27,0.014124495734201
248,0.0621820790060958
55,0.00149114531210159
250,0.0173526485272042
247,0.0134433135070999
361,0.0767184641540055
245,0.00645262703670824
249,0.0195950718738978
250,0.0666553317598009
248,0.0430739296044997
249,0.0140638678109006
249,0.0179859060602965
250,0.0872281933088921
248,0.0654652765162993
250,0.0718582173239071
249,0.0302649205437966
250,0.0333588607680966
249,0.0202184390925986
361,0.0665687504470007
249,0.00793879651770268
151,0.0163427172171957
247,0.0115272585589032
248,0.0523458709406945
250,0.0878198037620948
248,0.0306772826004007
250,0.0325917292079083
250,0.0776585331613013
248,0.0430105644393954
247,0.00442435901439708
76,0.0217037565557021
249,0.00489653730479844
289,0.0173180130329946
250,0.0633504777629916
249,0.0238300295822995
361,0.0546153275651022
73,0.0081043093726052
249,0.0827175040212005
247,0.0124826475613062
249,0.0103794057214017
250,0.0364592912638031
249,0.00822717779100657
249,0.0341618411511995
249,0.0317778682930019
250,0.0180033492340037
250,0.0421762416436096
249,0.035446681565702
66,0.0275269188778964
318,0.00632519666039855
249,0.0572687907342022
249,0.0302057881087023
250,0.0106031484049041
249,0.0151209792941991
247,0.0119849821175961
361,0.0649047531797038
247,0.0158792580985967
361,0.0552506470887018
248,0.0374481598069956
248,0.0556802424732012
247,0.0116714787646011
247,0.0152952451728972
244,0.0568453918292064
289,0.0122278435152019
248,0.0398987910059958
248,0.0386705180754987
247,0.0149560474349002
87,0.00609565688060343
248,0.0285751658911977
288,0.0149000946225968
122,0.0518599125680979
250,0.135824685964302
250,0.0783550331536986
250,0.0821891192822939
320,0.020828228487499
250,0.0570226691563924
303,0.0189474417881996
245,0.0657085613250032
250,0.0980716985047998
249,0.0474704802307997
250,0.0647097571685933
247,0.00542666741100106
249,0.0616435882976987
250,0.0622196963289952
248,0.0336525974644992
249,0.00314816098190462
247,0.0149261974122972
289,0.00950746935540536
82,0.00206113800630447
275,0.011905687340704
247,0.00950526203550339
247,0.00665821195569904
61,0.0130284533679941
248,0.0274819347358992
249,0.0299716067649065
289,0.0154237968843951
248,0.0467881264218022
249,0.0245434938660019
248,0.0276271634423964
248,0.0450758613112008
248,0.0396731067720992
247,0.00557029834080325
289,0.0103956391198032
250,0.040600325082103
249,0.0648260542040013
248,0.0302854004306994
222,0.0272179647578881
1,0.00928719018259727
320,0.0139203610128007
248,0.041914135415297
247,0.0130487968190991
250,0.0362025680467042
248,0.0488165013463977
249,0.0164070748795027
248,0.0590532688368945
250,0.036845631406603
247,0.0112289938240977
248,0.0540439664844961
361,0.187060526514294
250,0.0743219790895004
250,0.04695008054561
249,0.0560204234910984
249,0.0553018442646049
248,0.0279249136031972
247,0.0592029597634998
247,0.00709481256359368
250,0.104858724536093
248,0.0330483688066963
243,0.0506487617319991
76,0.0108061336341976
250,0.139632505253296
248,0.0266801467207003
248,0.0590061415383936
249,0.0118786284188062
248,0.0404706580908964
361,0.0812029014118032
248,0.0097023673157004
248,0.0700782798211002
361,0.0544777465423003
250,0.0643823571056927
250,0.0895139618415968
248,0.0463898272426988
250,0.0611990036628001
250,0.078662731894191
250,0.0351560438283052
250,0.0330090700804
249,0.0848111849547983
250,0.0467410875387024
247,0.0155930017820971
248,0.0427942649899968
247,0.0123496798424938
289,0.0167618523174013
248,0.0318016206580971
250,0.131143323140702
249,0.0587408700552032
249,0.0167033818683038
288,0.0188900888138974
288,0.00489730721989901
249,0.0776846432496043
250,0.0828461513860077
248,0.0331939523861955
248,0.0240417312871948
248,0.049178863529697
294,0.0790990826744036
247,0.0157111133857981
50,0.0114787153861045
16,0.0266209957746071
245,0.00653970033230422
294,0.0921390175889059
177,0.013441874936504
273,0.00786070666660166
70,0.00343760201099741
250,0.0890505898604914
249,0.00948344169609783
248,0.0319898572822019
250,0.0346154303481079
288,0.0128393795952988
250,0.0952107411842995
61,0.0201758831683989
248,0.0156026793799988
245,0.0284014105797965
248,0.0420615444579937
249,0.0541334658400991
361,0.0906329107505037
250,0.104085289817096
249,0.0141158123133032
249,0.0268370675245997
250,0.0350440964338041
248,0.0441726296166998
248,0.0509516917044976
249,0.0110025855497042
250,0.0657106756449934
247,0.0163109201001959
250,0.0907584024871966
249,0.0116465899849025
249,0.0321786891569005
248,0.0168770348338008
248,0.0368066853128965
250,0.103952038080596
250,0.0836347673395963
250,0.0260953009185023
249,0.0347240617163997
249,0.00485359194609458
275,0.0613838453019078
248,0.0115427362262004
249,0.0148445430752027
249,0.00998153531350354
249,0.0241492633164029
249,0.0373587332058989
289,0.0362098606364967
248,0.0182795591138003
248,0.0194201347500993
249,0.0137743393975995
249,0.0154755745636983
249,0.0307523448128073
249,0.0136431340545045
249,0.013305349905302
247,0.0130971186877993
289,0.0260333134211024
275,0.0200126822996012
247,0.0129822318148989
247,0.0123064919150941
248,0.0308765771606971
248,0.0638473935106987
248,0.079792523177197
248,0.0750647969521943
249,0.0229290633614028
249,0.0147460764156975
249,0.00842422291640332
249,0.0168955385193001
249,0.0222114691978028
249,0.0462168134366969
289,0.0151639715898995
247,0.0175742553423923
289,0.0183561875300029
247,0.0117789131725985
250,0.0119982166143942
249,0.0467516530838026
249,0.00578632149039748
249,0.0141688606596979
249,0.0244745244133036
275,0.0623662839693999
247,0.00662972277540064
248,0.0100587166956991
248,0.0270861257403965
248,0.0295176018929943
247,0.00679166733039693
289,0.0110470348216083
247,0.012102364811895
250,0.0727058393983988
250,0.0228373972111022
249,0.0113284639514966
249,0.0123974947800036
249,0.00756906109799615
249,0.0436873739987007
248,0.0443291779623962
248,0.070268577937096
249,0.0105385255078971
249,0.0287910475036028
248,0.0280252055384977
248,0.00436482880850164
248,0.0396563140715962
249,0.023273257090203
248,0.018560367478397
294,0.0803617970926958
249,0.00936512574980242
247,0.0129568379769047
248,0.0544221935120959
248,0.0569328398647997
247,0.0159959492794997
250,0.0757654661677947
250,0.0219928254752979
250,0.0748866949806981
294,0.0798616444451987
250,0.0773772519356015
249,0.0148584950091006
288,0.00696398157669975
289,0.037479459286498
250,0.0757819590516924
250,0.0277459487758058
275,0.0478026628832993
247,0.00828932025039819
289,0.0115276448912063
289,0.0150568689882
289,0.0149990503175026
289,0.0512236357446945
267,0.0186730580593029
248,0.0116910355116033
248,0.0631441718113983
105,0.177705721554499
248,0.0391260452961966
250,0.069440789993795
249,0.0145945692656007
275,0.0657040238055941
249,0.0134710385644006
249,0.0197464939214953
248,0.0613510822754009
250,0.0258289489010046
250,0.0888122670599039
250,0.076528899040504
267,0.010758494782003
249,0.0217129210555989
250,0.0406423245102019
249,0.0241243932497994
250,0.0556390502600905
361,0.0746122471334054
294,0.0748337719397973
245,0.0656459826344005
361,0.0677801517185053
250,0.0670310033439065
288,0.00304162196590241
249,0.0433541401054001
267,0.0166706549536997
289,0.042678364013998
249,0.0470433615216983
249,0.0380428962787036
294,0.0793945854903058
249,0.0516028344243047
249,0.0630641673961954
248,0.0284130621812011
248,0.064314266755396
250,0.0391141297138056
250,0.128384657440094
69,0.0267599476366058
361,0.191134329061896
36,0.0492764955904974
157,0.0129212196309965
248,0.0479886761384947
250,0.0587062673235934
248,0.0447704899191947
267,0.00427146173599979
247,0.0168743242265066
247,0.00511954474029608
247,0.0246658302919052
248,0.0512866717385947
250,0.0984895473292973
250,0.0774184828055979
247,0.00843162476979487
85,0.000822463144196206
250,0.0151869944792047
250,0.0526601015986969
249,0.0311235820194007
248,0.081629210886998
249,0.0360275804602033
247,0.00461379777649995
103,0.0500776689034979
248,0.0426908757534967
250,0.0316815724255015
289,0.0112707802838976
250,0.0557600726813057
249,0.0625623836598983
247,0.00357998690360617
105,0.019377173567996
250,0.0733994842066039
294,0.0913391022236993
248,0.0394434370875985
249,0.0239300070671042
249,0.0161514327906964
249,0.0289078650719041
248,0.0353712076305008
248,0.0789045365508976
248,0.0773856549948988
249,0.0174934341970037
250,0.0585621403809071
361,0.0578767248435028
249,0.0497903813957024
237,0.00769838871860173
247,0.0610400759380028
249,0.0380329899698992
92,0.00733587603749797
289,0.00708813279810627
248,0.0572641161495966
248,0.0236770356331952
249,0.0267968573549986
249,0.0334516880148037
250,0.0733763034941006
250,0.0683099979751063
108,0.00790258853989911
250,0.0558043027888075
11,0.0348189673508017
288,0.0158623349781024
249,0.0209005004627016
247,0.0218730852874032
247,0.0108132971740957
288,0.0165662800518973
248,0.0332789408684953
250,0.0464080310072923
289,0.00734449493499056
250,0.0911107097343908
289,0.011421209475504
248,0.0196755854273007
250,0.0828562456626969
250,0.0441599184390036
294,0.0725917915207006
294,0.0788959735067074
289,0.0181762316482086
247,0.0304112009689952
247,0.0151151848868949
250,0.094591286602796
247,0.00468967599329417
247,0.00878683889309428
250,0.0806659703880968
247,0.0151050037240985
250,0.0993209453369914
260,0.0101870049850064
249,0.043451663763598
249,0.0542902925604025
247,0.0143845154072046
289,0.0165400307660057
248,0.0301250793963028
250,0.0630920902689915
289,0.0158261578106007
247,0.00866963932120512
289,0.0397425766373978
250,0.0383479516543055
249,0.0230991297302019
250,0.1092104787373
250,0.108347377155592
247,0.00776154671089202
274,0.0299771487182952
248,0.0410673056068021
250,0.020784621943708
289,0.0148733140958015
247,0.00648388760980012
247,0.00371178800389416
288,0.0280854481075998
248,0.0329111478321948
248,0.0511087598217017
247,0.0101351416161961
247,0.0145346390497956
250,0.189206510519099
249,0.0571132499429012
250,0.0622669586250062
247,0.0127092212219004
248,0.0526692783646965
247,0.015552190264895
247,0.00912670334150079
250,0.0292995354277075
289,0.016010734814806
248,0.0526825125885964
250,0.0370232438054039
250,0.0563435691510996
249,0.0382634781291991
361,0.0655219645059013
361,0.0596632395488044
288,0.0211189272039967
249,0.030304502661199
275,0.00685942446100185
247,0.0162693740357973
248,0.0282837496263966
247,0.00488606169660599
248,0.0352126137966984
250,0.071756004756196
249,0.0385215912059991
249,0.00309608583119925
361,0.0604839165612034
250,0.0949438984321951
248,0.0463610740741025
250,0.0272979612269033
248,0.0496198829207941
248,0.0575463540944945
248,0.0408705525099968
361,0.0601092635986973
250,0.0437718197301962
250,0.0881141787046076
250,0.0716935298660069
288,0.0126398401734988
248,0.0202305939064011
248,0.025950621306297
249,0.0376174860408973
247,0.0096000769363016
247,0.0150133346941992
289,0.00792093144460182
247,0.016016320784999
250,0.0216649459105049
250,0.0191684469563036
250,0.0419622573318037
249,0.0873940521771033
249,0.018098618833303
288,0.0101908210806023
289,0.0339462267974966
248,0.0326455546126034
248,0.0225630218418971
361,0.0462299984623051
250,0.0174643597998028
249,0.0206415006992984
249,0.0376300856761027
247,0.0112345850939981
288,0.010599404748902
248,0.0317008368973006
250,0.117900580332694
250,0.0812374343263933
250,0.045495362667797
249,0.040183672408002
249,0.0288793063289035
249,0.0189300681974949
294,0.0572330486351014
249,0.0175767957678055
275,0.00905467448439978
275,0.0678645271223033
248,0.0117571848597997
250,0.0649824212435917
249,0.0554544374181987
249,0.0489122136321001
249,0.0380086530211017
275,0.00673635406479889
247,0.0126615298831041
247,0.0197001286416025
247,0.00572244449090675
247,0.0161505986475952
247,0.0104519011400939
247,0.00928170576460019
247,0.0114714261182982
267,0.0106160467914975
248,0.0231054762553988
248,0.0187112093086022
248,0.0253821846518996
248,0.0389288708830975
250,0.0945804584312953
250,0.0739269754795941
250,0.0339356353605034
250,0.0261342466253041
249,0.0361958238343938
249,0.0382374488256971
249,0.0439451521453975
249,0.0426366343407025
249,0.0385377320166036
275,0.0647037411087013
289,0.0215112300591045
247,0.00727753636139994
247,0.0126065069901955
247,0.0131885328799939
267,0.0106511452636973
289,0.0122202863919902
248,0.0336429527823014
248,0.0659930040940964
250,0.103233081764092
250,0.0946566083575924
250,0.072886142196996
249,0.0451740604036992
249,0.0375154808473965
249,0.00601652306760414
247,0.00690534596400383
247,0.0195324284995024
247,0.0135443236673041
247,0.00537526321389592
247,0.0113892424739959
247,0.00990225583919724
247,0.0167768247696962
248,0.00265398766400082
248,0.0438402041718966
248,0.0439012332236999
248,0.0430406015204987
248,0.0734069515995941
250,0.0965445280525934
250,0.0429257799173079
249,0.0509780205167019
249,0.0507639742029014
249,0.039449950148402
247,0.018939292701706
247,0.002362804579505
247,0.0160395544188958
247,0.0133007513354961
289,0.0171876039826024
289,0.0197301331098956
248,0.0202342401574001
248,0.034410222037998
248,0.0348731472808979
248,0.028176495623395
250,0.0726128688266066
289,0.00996091424799772
275,0.00219645449829997
27,0.00595235570729358
140,0.0128008606299019
148,0.0256248641511974
250,0.0825816206361054
250,0.0879706535540059
245,0.00868410958229049
177,0.0112246216984033
249,0.049594021106401
267,0.0121608334543026
248,0.0658639396201011
127,0.0248392174244962
248,0.0560194240912004
250,0.0978561115186984
245,0.0156371687891053
246,0.0196328499101952
338,0.0260339493876032
248,0.0233360035167998
289,0.0193784848760039
249,0.0415187434139028
249,0.0485071473660987
250,0.0959734569076964
250,0.0384269416850067
249,0.0795055087702039
249,0.0430234543032988
249,0.0550388360426979
247,0.0163306630869968
288,0.0110406047826039
288,0.00870125942390132
248,0.0230692752646
248,0.0579523382054958
274,0.0985840767191952
361,0.0740913927229023
250,0.101581550618796
250,0.082428543122596
250,0.0331988560475942
250,0.0350187343280055
249,0.0760259472399021
249,0.0129371183544968
249,0.0292727815384026
249,0.0504618689875969
249,0.0541511511998003
247,0.0168353453738987
247,0.00778454233010706
247,0.0157650303520036
247,0.0100835364339993
247,0.00766307051199888
248,0.00187285190719777
248,0.111505040837596
361,0.0577657926814013
361,0.0513336669051014
250,0.0655772371687995
250,0.0342005315938074
250,0.0619237039978024
249,0.0465732243615982
249,0.0520610535040973
249,0.0158374574322977
249,0.014199736405601
249,0.038977650274596
247,0.0109070900131023
288,0.0119852786373009
267,0.00797636221809839
248,0.00842475952760324
248,0.0390141493593994
248,0.0604036555867999
250,0.0608886573191967
250,0.086368492592797
250,0.0657659471608945
250,0.0416068525139082
249,0.0327788853875965
249,0.026334214639796
249,0.0404565276263007
249,0.031328702062499
249,0.0265691770233012
249,0.0389928922331997
249,0.0673311297867016
247,0.0111859713732017
247,0.0140622635799019
247,0.0137346553252016
289,0.0148427071167028
247,0.0139917060513994
248,0.016939964284596
248,0.0173183549773981
248,0.0355095281279993
248,0.0459716629901017
248,0.0613693930450943
248,0.034858605739597
250,0.080917733991793
250,0.0826397167377912
250,0.0764502629315977
250,0.0548079676048943
250,0.0361940881205953
249,0.0238401634888028
249,0.0593638487338026
247,0.00831723878689417
247,0.0151421602745963
247,0.0142781553259006
289,0.0151146248740019
247,0.00957830012159633
247,0.0135147103341957
247,0.0162038287840005
289,0.0121386559209
248,0.036170318313296
248,0.0421409791345972
250,0.0859743583171948
250,0.0970752063604934
250,0.0452874002505048
249,0.062906002792797
249,0.0280407107641985
249,0.0370299019922022
247,0.0130432359846964
267,0.0132362924403964
248,0.0161614974009971
248,0.051018991731496
250,0.082824659177593
250,0.0406036646158086
249,0.085495071224905
250,0.0596717787057059
249,0.0582614597842017
250,0.0712485512136993
275,0.00923613899020381
250,0.1011694470964
250,0.089576228686699
250,0.0547133132679924
250,0.0441828106349043
250,0.0423537964976077
250,0.062343323654499
247,0.00964505361539736
288,0.059096769947601
361,0.0718344035490048
250,0.0861469144848925
250,0.0687350197781917
250,0.019496903426603
250,0.0155173522320062
250,0.0454591129122086
250,0.0489945884635041
250,0.0519596009655032
247,0.0182293294697971
288,0.015466611099999
247,0.0100033113503954
248,0.043551809983196
250,0.0709862876221905
250,0.0746461512167969
250,0.0294723133693076
250,0.070684997183406
250,0.0520175393946047
249,0.0374175644016006
249,0.0449954668792962
247,0.0120410581278065
247,0.00190849944609894
288,0.0153117743023046
289,0.0143334713516019
289,0.00900663428519977
248,0.0716881936940972
361,0.0722307130638988
250,0.0846165344500918
250,0.105745644668396
250,0.0830143634493972
250,0.0838445679264943
250,0.0785882894124974
250,0.0575385383282985
250,0.0837838876748975
250,0.059325666596699
250,0.0343722394059931
250,0.040854245962695
250,0.0375722028807992
250,0.017486486226904
250,0.0192950011992039
250,0.0318092697169092
250,0.0444133165558043
250,0.1028821904011
250,0.0631786852610077
250,0.0852785243380048
249,0.0752327846028003
249,0.0620744927903019
249,0.0246879159777009
250,0.0713326467156037
249,0.0691739765620021
249,0.0553329505116977
247,0.080659743072804
247,0.00990810975019585
247,0.00915038299789472
289,0.00890379255480056
267,0.0116557186780994
289,0.0334514789386979
248,0.0329237590454987
248,0.0362945119816978
248,0.0359683193951952
361,0.0638562347838025
250,0.0816537061257918
250,0.0518975536931947
250,0.0621944129338949
250,0.0444375083329938
250,0.00454421031329844
250,0.0170440863251073
250,0.0189112036596981
250,0.0339577350415041
250,0.0486582544050016
250,0.0377406437123007
250,0.083105951596707
250,0.132100448120298
250,0.0740922499217049
249,0.0536943075590983
249,0.0551912890617032
249,0.041178976133498
250,0.0629241862567973
249,0.0194144535836962
249,0.030594562246403
249,0.0135915799805026
249,0.0680005070132985
247,0.0163203086721033
247,0.017537692355198
247,0.00890604178299625
267,0.0130590617521023
289,0.00743444195879661
289,0.0225839289588983
289,0.0116974672270942
248,0.0252479674828017
248,0.045554722258295
248,0.0500120794315002
248,0.0609372183616976
248,0.0737095144210969
361,0.0556792084935012
248,0.0600278162721999
361,0.0608983250628015
303,0.0318183507804015
250,0.0767434727031926
250,0.0743758257479925
250,0.0673447947256953
250,0.0825269764094969
250,0.0647835933553971
250,0.0473412355313059
250,0.0533018653699067
250,0.0567994285742053
250,0.0751168270741012
250,0.0652705673070031
249,0.0255030824550992
250,0.0748080293424032
249,0.030082036006803
249,0.0336406783989993
249,0.0537072375107961
275,0.00679383913830023
275,0.00466637977470086
275,0.0502061474264011
275,0.0202815199561996
275,0.0118297567946009
275,0.00889703302250311
247,0.0125277387714995
247,0.00542358456690195
247,0.0165715750420041
247,0.0675484145415091
247,0.0066129486876001
247,0.0101588143656066
247,0.0109913532935977
247,0.0112950088960915
247,0.00575609562149992
247,0.00664933519679423
247,0.00926097392039793
247,0.0115943529386939
247,0.00953482588629484
247,0.0118418909171005
288,0.0290435288059001
247,0.0142156680675924
289,0.0173799297502981
247,0.0154456198164006
289,0.011306807123205
288,0.0122674178868998
247,0.0168654337545959
289,0.0143997451957993
247,0.0122202376179956
289,0.0153881519243058
247,0.017208370699997
247,0.0163060396241974
289,0.0120908227668046
288,0.00938289658769875
289,0.0107391983221028
288,0.0102240269309988
289,0.0083740062057025
288,0.00775746283599688
267,0.0129657277032962
289,0.0131647609393042
289,0.00362271373079892
289,0.00368183897909447
288,0.0119510203935036
289,0.0129709500624955
289,0.0335622408780978
289,0.0201637932560992
248,0.0146830976679944
248,0.0254506251128994
248,0.0401747454897929
248,0.0464931698868973
248,0.0606096341577
248,0.0183658385088954
250,0.0835527383794918
250,0.0832194678365958
250,0.079275939911696
250,0.0842657371700994
250,0.0616897282950966
250,0.0589721543838913
250,0.0166912293759083
250,0.0368257137069072
249,0.0754083539337032
250,0.0572344424602029
250,0.0427685763430006
249,0.0838069549823999
250,0.079017965320201
249,0.0622338155407007
249,0.0885126552622033
249,0.0865554394483006
249,0.0777841901829035
249,0.0431160668977988
249,0.0690956335364028
250,0.0650248213730009
294,0.0793910367524013
250,0.0778923119382
249,0.0211164987518977
294,0.0778782838568048
249,0.0262892074428009
249,0.00308654587389867
294,0.0721518436406008
249,0.00834666798050065
249,0.00957859150799578
275,0.0403592443716008
275,0.0507561534329994
247,0.014858933356301
247,0.00687496533690535
247,0.00349622633219226
247,0.0166202141409997
247,0.012424795274697
247,0.0132357058289969
247,0.0146544321012989
288,0.0113250800041023
288,0.0164144041584997
248,0.0155538411551994
248,0.0471702634152962
248,0.0492187727081941
248,0.0381091176385944
248,0.0553361812612998
361,0.0212429280354982
129,0.00240517012970187
250,0.0741100923505975
250,0.0694737467482973
250,0.0680845711783959
250,0.0429595354615024
250,0.0341411889285048
250,0.0446534886828047
250,0.0322080405708043
250,0.0687900323141051
250,0.0721011178312061
250,0.0829676120672076
249,0.0426021760700017
249,0.0569991879272003
249,0.0172103146223961
250,0.076402839757403
249,0.0184913542782006
249,0.0410579829201012
249,0.0269502660964989
249,0.0532278216841995
249,0.0384032589723979
249,0.0384393726976029
249,0.0429181788008997
247,0.0146188596611019
247,0.0119449239734983
247,0.0703860576216044
247,0.00834835044090099
247,0.0104435311194955
247,0.00692429389339821
247,0.0132399272102965
288,0.00894702840989936
289,0.0125606759380048
288,0.0102461459893988
289,0.0356163188553964
248,0.0415307328834977
248,0.0357129772003937
248,0.0502162950290987
248,0.0699550495276959
248,0.0720649712220975
361,0.0622657890396994
274,0.0063076732378029
307,0.0288120958923912
250,0.109607889669796
250,0.0229339381767062
250,0.0104392698429017
250,0.0554255993962087
250,0.0332779982679057
250,0.0338772191472003
250,0.0450432633211015
250,0.0273508431457081
250,0.035538027155205
250,0.0322396480376064
250,0.0246620935887059
250,0.0374132785669019
250,0.0585641532804999
249,0.0808774452622991
250,0.0684448077028996
250,0.0686060814954033
250,0.063188781122701
250,0.075311198963508
250,0.0877625948321068
249,0.0656063139553034
250,0.0771445672165001
249,0.0744488122749019
250,0.0707315439945049
250,0.0614253020000071
250,0.0712885114715007
250,0.0697839705786052
294,0.0819048942035039
250,0.0666051160575059
250,0.0681287609153074
294,0.0757543573636994
249,0.0571155858400019
249,0.0198729451164965
249,0.0282695630201992
294,0.0789054476265036
294,0.0862005159173016
250,0.0777789386611047
294,0.0639275162562036
249,0.0209432584577982
249,0.0633373075427031
249,0.0391752542876027
247,0.0242988296728015
247,0.0103556900491064
247,0.00372547908700227
289,0.0180216452456001
247,0.00989524344329951
289,0.0119447534109014
288,0.00451229628119876
267,0.0175908178051003
267,0.0170861922038981
248,0.050233065249099
248,0.0193728684148944
248,0.0330858108492968
248,0.0564906171999944
248,0.0390936017815946
248,0.039951603659798
248,0.0223293572859973
307,0.0252911836431053
250,0.0712732548636943
250,0.0712954890454967
250,0.0305617480088003
250,0.0335501014044013
250,0.0190350344290096
250,0.0341123373474055
250,0.0546650363809
250,0.0431881928543092
250,0.0415011171216975
250,0.0564589285103985
250,0.0632022984022029
250,0.0595633185032014
250,0.0485552798472071
250,0.0482977602853047
250,0.0545796496882076
250,0.0591692274298019
250,0.0826603445906997
249,0.0254167251427972
249,0.0524167103869999
249,0.0273670856279011
294,0.0796796603512036
294,0.0810653842866067
294,0.0753573280785069
294,0.0855849142438991
250,0.0821582760652007
294,0.068418533841907
249,0.0684174125209971
294,0.0660299748107995
294,0.0634185406459054
294,0.0661930879728985
294,0.068017388290901
294,0.0641428676161055
249,0.0375522234420025
249,0.0545629448611002
247,0.0156032486705975
247,0.016281490337299
289,0.00996644209250519
267,0.0106579268434999
267,0.00538131493739868
288,0.0109435182242024
267,0.010246745584098
248,0.0191039078928981
248,0.052151895027194
248,0.0483354044357966
248,0.0659333339567993
248,0.0604759308581002
361,0.0579324136271993
361,0.074707110031305
250,0.106411251965696
250,0.0712159704577964
250,0.0885546828211972
250,0.0619597739952944
250,0.075861526018393
250,0.0132088388397058
250,0.0266838030028005
250,0.0364883855068037
250,0.0205429630758083
250,0.0349162812272041
250,0.0375090992861047
250,0.0571754301122027
250,0.0619433544065053
250,0.0767212453863984
249,0.0765996153401005
250,0.0816271952661047
249,0.0330470234363958
250,0.0560953674766083
249,0.0329447379873997
249,0.0406783444569001
250,0.104742097991902
250,0.0781029718821991
249,0.0439330494189001
249,0.0364890865527983
249,0.0251962484568971
250,0.072467908207301
249,0.017162281085902
249,0.0714873736496067
275,0.0606963210717986
249,0.0491475590946955
249,0.0664444852645971
249,0.0578997860337012
275,0.0702680920314975
275,0.0707132041867951
275,0.0516557282004975
275,0.0599161898015019
289,0.0201869731472009
247,0.00203109465269335
288,0.00966962450949538
289,0.00055161861260089
288,0.00940339409079982
248,0.0062473491363022
248,0.0545077403630962
248,0.0507044219693995
248,0.0839847071999991
67,0.0051288027775982
250,0.0752900095591933
250,0.0397923441584034
250,0.0282241145846065
250,0.0397581051448022
249,0.0665625391036002
250,0.0854102693165046
250,0.065044260609497
250,0.0588608494097045
294,0.0766741005092015
294,0.0823305381696038
249,0.00466919636009777
294,0.0708480402709988
294,0.0623735935669032
275,0.00962306788050427
247,0.00488325884740348
247,0.0179029184031982
247,0.0135366217812951
267,0.0137412356563971
289,0.0211253659686967
248,0.0270985700939939
248,0.0510177533287006
248,0.0530280862730947
248,0.0462721718939996
248,0.0424807695111973
248,0.0696356940880953
361,0.0734425136925019
361,0.0698085743788042
361,0.0555402599648041
250,0.0329873426041019
250,0.0733728783914032
250,0.0637900077971061
250,0.0697744504373965
249,0.0161566752130007
275,0.0672668985722957
247,0.019010271206902
247,0.0114872059081002
247,0.0122032005315944
267,0.0129321630396007
267,0.00753374962089737
248,0.0605675708555964
250,0.021818508397299
250,0.025388644640099
250,0.0186937488329022
250,0.0517108147154062
250,0.0356220084905026
250,0.0853671445697053
294,0.0890610713516047
294,0.0824912668301039
249,0.0395154277790972
249,0.0214743600601999
249,0.0224796488442962
249,0.0435983477385022
249,0.0808981291788022
247,0.0136174142587997
248,0.0143886269105025
248,0.0268506653220975
248,0.0716260497621946
248,0.0736682410820002
248,0.0541317055819945
248,0.0525275778143026
250,0.0676852579222924
250,0.0813245784767993
250,0.0742518372499923
250,0.0774773400037922
250,0.0768442081139966
250,0.0644797732454947
250,0.0592691970135952
250,0.0592377879206971
250,0.025590765397304
250,0.0374680166390071
250,0.0314036319738058
250,0.0382754903764067
250,0.0282365030423044
250,0.0400363739068048
250,0.0224768346367057
249,0.035457999466697
250,0.0728202877952064
249,0.0867897027540003
249,0.0451128047228018
250,0.0693659357057044
250,0.0747474197832005
294,0.0821728915412017
249,0.00970603307720097
249,0.0219153113996953
249,0.0296254527762976
249,0.036099612218699
249,0.0393971457759044
275,0.0584734378447997
249,0.0694803444725984
247,0.00533596348479648
247,0.0146877492754953
288,0.0159256224717979
288,0.0155996316488967
289,0.014315951777693
248,0.0180464811035002
248,0.0221706840697991
248,0.0245829141486951
248,0.0440448904322963
248,0.0109160785527003
248,0.0357111576374933
361,0.0690976176982048
250,0.0761005169105964
250,0.0657915293149962
250,0.0704980403347975
250,0.0231307178900053
250,0.026577653519702
250,0.0301826193959052
250,0.0450961411596076
250,0.061539628758208
250,0.0468854946674071
250,0.0454117190948011
250,0.0548553642032061
250,0.0496379504131035
249,0.0759560848203975
249,0.0356396478261019
250,0.0696004615359058
249,0.0304788078798026
250,0.0731320198770007
249,0.0235227600402972
249,0.020378743353298
249,0.00600485195379363
249,0.00199766199209961
249,0.0211876942695035
249,0.0292659669245978
249,0.0315174904913995
275,0.0101886339034039
247,0.00732245546270249
247,0.0153524991445977
247,0.0120215643986974
267,0.00794183960810102
267,0.00847749449970436
267,0.00558568382610147
267,0.00956983063429817
248,0.0452416741186958
248,0.0228069631230987
248,0.00996388784370339
248,0.0486381727939964
248,0.0135538098120946
248,0.0246956297363994
248,0.0282336476109002
250,0.0823700246764929
250,0.0812877999786927
250,0.0741195381658954
250,0.0117545416044997
250,0.0297553119928082
250,0.0299671327373048
249,0.0812031754906002
249,0.0418041947191021
249,0.0296028542053044
250,0.0609645154332981
249,0.0325203417823019
249,0.0186502439848972
249,0.00940291861689957
249,0.0251839310753077
294,0.0605555351862002
249,0.0282815961497995
249,0.0523747373938974
249,0.0587378304075017
247,0.0155820310913022
247,0.0115878812714989
288,0.0135617295314958
289,0.0262589557725015
250,0.109493115619092
250,0.0916633791795967
250,0.0726997319780942
250,0.0853122560849968
250,0.0942045743494937
250,0.0805388380436973
250,0.0895473625097907
250,0.0766319375977922
250,0.0881739153811907
250,0.0764425882663993
250,0.0724726657885988
250,0.0742404876555902
250,0.0849581036842935
250,0.0834303290295964
250,0.0779488483387958
250,0.0684155619983962
250,0.0863444824607953
250,0.0816264882499951
250,0.073580131214797
250,0.0971335086906961
250,0.0701126386178927
250,0.0735954983343952
250,0.0720709292029973
250,0.0566969330314961
250,0.0726886296245937
250,0.0646381427416962
250,0.0597981813938979
250,0.0725285736814953
250,0.0756640440986978
250,0.0599673170131965
250,0.0561829712392914
250,0.0619191762566942
250,0.069815755719592
250,0.0687615342395951
250,0.0440320769467952
250,0.0317140879515954
250,0.080278586898693
250,0.0127907679749022
250,0.0262929655277091
250,0.0461742983712092
250,0.0290859313865042
250,0.036958094309508
250,0.082925952428301
250,0.0601080782464045
250,0.0654051325396061
249,0.0671531115467978
250,0.0659771654614083
249,0.0603590922763999
250,0.0752810471567997
294,0.0779678234048014
294,0.0720143661725992
250,0.0835932439439055
249,0.00601126833169729
294,0.0712571542336988
275,0.0224519822651033
275,0.0132643046036982
247,0.013653505348401
247,0.00980497028519522
289,0.0127523786983055
267,0.00960854048680204
248,0.0445900547792952
250,0.0883276415801966
250,0.0747044103876959
250,0.0911358096927941
250,0.0895205495438951
250,0.0936771007274935
250,0.0960007221826977
250,0.0836985827962984
250,0.0731836538721993
250,0.0891136038722919
250,0.0668816629486955
250,0.0679803274446975
250,0.0600097661319907
250,0.0548681341961945
250,0.0601368730667922
250,0.0390018689670093
250,0.0282185374091029
250,0.0308495353978024
249,0.0864330886128002
250,0.0823767526449082
249,0.0411801893655976
249,0.00678066369310315
249,0.0530258269205
267,0.0149520990980037
288,0.00927708214620182
267,0.00746785190110089
267,0.0124642125533008
248,0.0296534407411997
250,0.0904352629306935
250,0.0932554278851967
250,0.0756631828710965
250,0.0792219699461967
250,0.0815560927236945
250,0.0736620641130905
250,0.066521518322098
250,0.0579950181879951
250,0.0761388177649955
250,0.0752468595698979
250,0.0548484120781971
250,0.0632066674267939
250,0.0327986416799959
250,0.0217572005418027
250,0.0193661551238087
249,0.0598480454835979
250,0.0734764324296009
249,0.0287500549847977
294,0.0745342938840032
294,0.0722807435515058
249,0.0490061121655998
249,0.0636596180675006
247,0.0161071969551969
247,0.00734644442389865
247,0.0135598861462931
288,0.0246689461517029
288,0.00850897573869958
248,0.0126937641434992
248,0.0038889838053997
248,0.0176272511517972
248,0.00954465969349627
248,0.0124720381688022
248,0.0228367088583958
248,0.0279653571851952
248,0.0219200618154005
248,0.0382274670861982
250,0.0688950464299971
250,0.100992149204195
250,0.0844378637026928
250,0.0886350108554907
250,0.084304444450396
250,0.0675337751895952
250,0.0557575785228934
250,0.0274138536000059
250,0.059679416754701
249,0.0439621505785013
247,0.00999654261360305
289,0.0221244022356011
289,0.0229307995137056
247,0.0118566288695945
267,0.00903528933499942
248,0.0097952753485977
248,0.00217775622390093
248,0.0229799138575011
248,0.0647032918063957
361,0.0523460962718012
320,0.0514675121332964
250,0.0436373042876035
294,0.0760173834250999
288,0.0539945257079992
361,0.0604590075177001
250,0.0894085138664096
249,0.0755487714352974
250,0.0707899727999042
247,0.0197533895917985
250,0.0940458576099914
250,0.0891322800766048
267,0.0096914830849002
250,0.0862983312284946
250,0.0686042643994966
250,0.0660781479745083
249,0.0189405429200988
249,0.00749922364460076
249,0.0416628085326991
250,0.0423056465584999
250,0.0622362281142053
249,0.0364749715405992
249,0.016928061701293
289,0.0172946710424995
289,0.0208824937513974
248,0.027864256405099
248,0.0146987566256982
248,0.0558451809338969
361,0.0769076909251005
36,0.0239075235849064
248,0.053675074159095
69,0.0192664081968061
250,0.0345841661124027
361,0.0650182980581064
250,0.0306144882502046
288,0.00604489151169929
249,0.0443411592098002
249,0.0236124049744966
247,0.00253721764070036
289,0.0119298309609057
248,0.024571027081695
248,0.0482863482036961
250,0.0911194836445937
250,0.081629774052093
250,0.0626470425748984
250,0.089253851512094
249,0.0104524714945029
249,0.0506943023579005
275,0.0284642710329024
289,0.0193423726151032
247,0.00890302329339576
247,0.0103055523301983
288,0.00710132864830015
248,0.016141353644695
248,0.0494989013786942
250,0.0911764334811984
249,0.0719274587308014
249,0.0178430750342997
249,0.0231345723271019
249,0.00631701767219894
249,0.0595358032611948
295,0.0698276370085011
311,0.0897976042677939
250,0.0880633065715912
249,0.0168890295999979
288,0.00992984247169915
249,0.0346761099562052
275,0.00895056304710096
247,0.015217782960697
248,0.0160876892147996
247,0.00255241382170368
247,0.0116195726151034
248,0.0274572997824976
248,0.0334392502311012
250,0.0673825223689946
249,0.0879673648171
249,0.0759359512653042
267,0.0159397653215017
288,0.0129001622171003
248,0.0402353339284964
361,0.0657430072905996
74,0.00245170812859996
116,0.062689278443596
124,0.0502839099545014
124,0.0458561432058033
8,0.0357876603743996
249,0.0710400910524989
2,0.0104310873332949
245,0.00936577395740557
143,0.0221838024328029
325,0.168886662409498
124,0.0657830464585984
289,0.0119295970169979
361,0.0618433004075989
273,0.0102195174663997
250,0.0132676684613067
289,0.0352584944835961
248,0.0167451346488008
108,0.00975500276380004
31,0.011473763763906
294,0.0820391709638031
314,0.0535510999446984
116,0.0576455218782961
134,0.0529552594566987
134,0.050814439478799
2,0.0174507747147992
249,0.0592265120831996
249,0.0801328233558039
249,0.052845034566797
27,0.0223847077113888
25,0.00621762910340351
250,0.0680966491129951
249,0.0529457565998008
294,0.0606840938696998
294,0.0631526581975024
249,0.0497588846837971
275,0.0410650838486966
247,0.00473695907699678
248,0.0216218121679006
361,0.0628260455562035
361,0.0499484782233068
247,0.0151948316877935
289,0.0167977686706031
249,0.0122731675596981
250,0.0472907321339093
250,0.0860372177527005
248,0.0336693441940952
247,0.00646248840640595
247,0.00831807540560092
250,0.110652066344297
250,0.0462183165323964
294,0.0707192910607013
249,0.051180782913903
247,0.00928487624829444
248,0.00342791518409769
248,0.0383359176834936
249,0.031309548781099
248,0.0355250568281953
250,0.0429284688643037
250,0.0676657898929029
250,0.0925542357570919
248,0.0422011837814011
248,0.0548383313917995
274,0.00719510566770154
132,0.0163715285825994
77,0.0266711980542027
120,0.0350840946126993
249,0.0429700058828999
179,0.0207610618347971
151,0.0644225501252969
249,0.0402234278353006
249,0.000669602518001966
247,0.017521199666696
248,0.0601051290678001
274,0.00118407652350427
250,0.0668782409411932
249,0.0251116662450031
249,0.0529846767174043
249,0.0634777835293008
247,0.00940112392780179
289,0.0217670312992944
289,0.0256252373770991
274,0.00638265820929718
361,0.0530026207351
311,0.0773307782218033
294,0.0448493080906012
6,0.0766286234696949
249,0.0331907945569014
361,0.070937582305902
289,0.0231527521996959
248,0.0309701892779941
248,0.0490176053276983
250,0.0496737656081052
247,0.0025589883818995
248,0.0420610851156979
248,0.0695966781260999
361,0.0578175524943063
250,0.045146303970192
250,0.0561001230092018
249,0.0699110141088006
275,0.00196576519269698
247,0.00520046096109894
247,0.0115130480845984
249,0.0377939366698037
248,0.0377618664741952
250,0.0758430157474024
294,0.0894854590980998
245,0.0292871546431002
250,0.0766444084332036
250,0.0636567009898066
250,0.0677083561749008
248,0.0221361618669995
248,0.0665275776882019
248,0.0586353832044963
248,0.0573730091223972
361,0.0684838420134035
249,0.0151487631570042
247,0.0109042969814048
247,0.0077479876972042
289,0.0202392039950041
247,0.0137446003990931
288,0.0072449949444966
274,0.0233504365952975
274,0.0253692298678949
281,0.0243221469131996
77,0.0193117849744979
250,0.0269259638544028
250,0.0492507223228031
250,0.0942397922318037
250,0.0707811782831058
249,0.019613136217302
247,0.0183520403637019
247,0.00525169458750341
247,0.010645050875393
247,0.0101790675651969
247,0.0145747230364961
247,0.0147447700473933
248,0.0218870537711986
361,0.1003888792448
361,0.0129287483799985
282,0.116061092300701
82,0.0160596175010994
250,0.0828082371057981
250,0.0715757165189963
250,0.0764311257724053
249,0.0292868922013021
249,0.0119975176960985
249,0.0275421689519
249,0.0470803823729007
249,0.0502964143474962
247,0.00876080591179829
248,0.0433039839579976
248,0.0478168363049001
248,0.079367237046295
361,0.103754954940598
250,0.0624312653542951
250,0.0575675949557031
249,0.0297325417501
288,0.0130423517829001
267,0.0132058873656042
248,0.0375235252484991
248,0.0469227276338025
248,0.0323829350856002
248,0.0372082986010014
249,0.0267822141745029
249,0.038244915372502
247,0.0109682796249011
289,0.00915178547100481
288,0.005303324247798
276,0.0114015589071954
250,0.0598260343586929
250,0.0431101916236045
249,0.0192419758960014
247,0.00641843540329745
289,0.0357530162449997
248,0.0542900816727965
249,0.0569063869128037
247,0.0115876483861008
247,0.0142133686188934
247,0.0126534285989983
248,0.0401788595951977
248,0.0387296391868013
248,0.0556550753477971
294,0.0646406766522034
249,0.0622777108667023
288,0.0106236267134001
72,0.00587111191929779
249,0.0453679142887999
275,0.053948097965101
275,0.00646089857540133
288,0.0148607938068004
267,0.0155941293707045
248,0.0293130600823019
248,0.0826780301313939
250,0.0348803714053076
289,0.0179228943713987
248,0.0433892852739994
27,0.0155462753808919
245,0.0149958483378967
245,0.00490145713460066
247,0.0108860883104995
124,0.0564642153553017
245,0.00998854601630228
245,0.00567619266450237
19,0.0227143958691016
116,0.0615939644548043
73,0.0143110042324039
179,0.0241460044522057
73,0.00180252467659869
296,0.211252133316002
55,0.00487093843739927
27,0.0117082354395919
27,0.020784231224404
245,0.0086509770882941
245,0.00436737148039867
245,0.0192709285042056
245,0.0254177901763057
243,0.0113720405726028
179,0.0265949052138978
246,0.00812966712809526
245,0.0240520288851016
27,0.0161451771119943
77,0.00722727994709516
246,0.00880497706539529
245,0.0252907758356002
76,0.0105246459199009
245,0.0112097910744069
245,0.0188587868076056
289,0.0128200524996025
249,0.044703323616698
248,0.0308592987255984
62,0.00394211862849403
245,0.0658028283225036
334,0.0132579749981971
246,0.0397627839725985
245,0.0336305159315984
50,0.0214139768360013
64,0.0135389252749007
245,0.0259662083078993
245,0.0171129014999991
73,0.00382076859000335
58,0.00627755694890197
245,0.0314204152832005
245,0.0114007797048004
50,0.0064378798548006
124,0.0613676981091018
27,0.0129724761065972
2,0.0128114500172032
132,0.00487703916289561
27,0.00869134731589583
61,0.0256476713986018
242,0.0265578358620004
61,0.0178792299158985
245,0.0570899233821009
78,0.0310954035532021
66,0.016167466266598
245,0.00195161151219736
174,0.0180833323124006
245,0.0117556246628041
306,0.0464118966741012
245,0.00912451017170213
50,0.00734638656560094
245,0.00388489444680573
281,0.0280470002554978
79,0.0262376129563009
245,0.00904715476279705
222,0.0124953216602961
314,0.0166159632672027
306,0.0408869884774994
247,0.00313625644979609
62,0.00260194013590365
212,0.00684251914949385
250,0.0952839545192923
250,0.0334496661903998
249,0.00991520164790316
267,0.00781620521209803
250,0.0993866362597977
250,0.0558077037892026
249,0.00246309473960338
247,0.0104596549592948
244,0.0534493287977043
250,0.0146074473249058
250,0.0582725503009023
249,0.0410340260904007
248,0.0303896894238953
282,0.00583512975400069
231,0.0317948143764042
76,0.0140575719634981
288,0.0117645634668015
295,0.0865184529460983
230,0.052622273746401
87,0.00233326817310342
76,0.0189414470215965
27,0.00942043279709992
307,0.0215883431934998
245,0.0123420731400969
103,0.034581863530093
27,0.00562578970158967
87,0.0232721670042082
245,0.0127525281825953
245,0.0233192782409049
174,0.0126039671460916
82,0.00366427270759573
62,0.0143260964559957
57,0.0101115626067028
199,0.00354853557840329
281,0.0298799347324916
245,0.00817993070760537
70,0.0199143964186987
212,0.00298706703449625
306,0.0335928127216967
245,0.00956373378289754
244,0.00883820106120226
199,0.0224177487724972
245,0.0249538987608915
246,0.0336304592171928
212,0.0066876986814961
164,0.00701109538800182
219,0.0149206365376031
250,0.0924836155969935
250,0.0933300001813961
250,0.0574612147005915
250,0.0064153292813991
250,0.0392218062129075
250,0.0489960314182056
250,0.136994499083201
250,0.128796074332602
275,0.102089944145295
249,0.0443431236700995
249,0.0286681796356056
249,0.00618732777820341
249,0.0154665510823051
249,0.0179865833639035
249,0.0128455557516034
249,0.0175652847173033
249,0.0174196862798048
249,0.0907723688904056
249,0.0798350762110012
249,0.0384110125690995
294,0.0869444328109026
247,0.00358219368359514
288,0.0205805884555943
288,0.0131305770334968
288,0.104454125594298
248,0.0514591040794947
295,0.0926508262238031
248,0.0461489654408958
248,0.0639587941444972
361,0.0958460519216011
361,0.00345690777370322
361,0.0220313001115962
262,0.00973220986260159
259,0.395763906734
259,0.404634959284198
259,0.396463881267003
259,0.399164613440703
298,0.399013672279796
298,0.388086315825696
303,0.119074526723001
314,0.00351613515470106
250,0.0978408030665001
250,0.065741712296596
250,0.0197906862649013
249,0.0129915018160993
249,0.0124990597817991
249,0.00867503153270022
248,0.0437517047277964
298,0.410995622910502
250,0.0932128578986955
250,0.083417466687095
250,0.0643538260684906
250,0.0265706037726048
250,0.0301972069610059
250,0.0175145637508045
250,0.045087164186203
250,0.0593760887101027
249,0.038837446752197
249,0.00304162962609666
249,0.050112605301198
289,0.0288129723498045
289,0.00512378383820433
267,0.00301148633529635
248,0.0296220297132948
248,0.0172782940652993
248,0.0344992788076972
248,0.0556514637475942
248,0.0407159948256002
248,0.0842477777203001
298,0.410882724385399
314,0.026120642013499
328,0.138132070887309
250,0.0647287466345965
250,0.0700235548334973
250,0.0469094599111024
250,0.0380757064549044
250,0.0623494484493001
250,0.0267504056825061
249,0.064297102533601
249,0.0285804735324966
249,0.0360088478331981
275,0.00975705148840333
247,0.0196175136261054
247,0.0159309182357035
247,0.00636015525410016
289,0.0122694674534003
289,0.0141255066110944
289,0.0324952948988937
248,0.0111675517512033
248,0.0335441600961985
274,0.00934209848050216
259,0.389011735470202
314,0.0344554292392019
27,0.00776172380010109
250,0.0744525356913996
250,0.0576277665409961
250,0.00745307761480518
250,0.0473338215359043
250,0.0475623845592068
249,0.0461183603914037
249,0.0270429666454994
249,0.00565313728849759
249,0.045241648569597
249,0.0372658000636044
249,0.0670950197750955
247,0.0194479856873038
289,0.0252034699022019
267,0.011881675954502
289,0.00589049427379962
289,0.023674891537393
248,0.0697928489963964
259,0.415876817642204
259,0.400115706514001
250,0.0241812282173051
250,0.0322600866499059
249,0.0188013608969975
249,0.021803356341902
249,0.0497026723141971
247,0.0112740402138982
289,0.0226389918829994
248,0.0232886272505013
248,0.057738594341096
259,0.395825962532797
250,0.0182243683244998
250,0.0442407853751057
249,0.00079631205919739
249,0.0202869931368994
249,0.00306477183740483
249,0.040379854240399
247,0.0115853090650937
259,0.400200036641301
204,0.0161126249636965
210,0.00648200008750166
249,0.0229010491779995
249,0.0260429059564053
248,0.0308950504541983
248,0.0223424578758014
248,0.0290662295351964
259,0.404430935838299
237,0.00427753991239399
210,0.00740394419360513
250,0.0886154826500949
250,0.0789145612176974
250,0.0440504872403018
249,0.0215127525400938
249,0.023935258462501
247,0.0139523051455051
247,0.018169104420096
247,0.00831982334809922
289,0.00577467169059886
289,0.00929314699139638
259,0.389281448657002
327,0.0533286182927029
250,0.0906486982916945
250,0.0993582769767976
250,0.00773486027079784
250,0.0193200940883074
249,0.0335173317075039
249,0.0241188285895042
288,0.0101266362806989
247,0.015648875772694
267,0.0131786366252022
248,0.0412891932171959
248,0.0325628206227968
248,0.0387164896701009
27,0.00516182780339847
250,0.0611680663206968
250,0.021333562938505
250,0.0332008402092079
249,0.0343019342075976
249,0.0211867797717034
249,0.0282412653655015
249,0.047798992603898
249,0.0415699343697042
247,0.0125991496940969
247,0.0148173372702978
250,0.0362886633990982
250,0.0123134358615076
250,0.0248447770969094
250,0.031801948365203
250,0.0574950007492028
249,0.0120336275833033
249,0.0235056983473036
249,0.0252498420656018
275,0.0633945173104031
247,0.00767121997980524
247,0.00631715159429547
247,0.00979914678649507
248,0.021675838419096
248,0.0315207004931928
222,0.0190812148973052
250,0.0943970588539926
250,0.075621522318194
250,0.0310307757457018
250,0.0244593208820021
249,0.0167642496287996
249,0.0233373421663003
249,0.0424721387731992
247,0.0068182893308979
247,0.0132020551493923
248,0.0070824293362044
248,0.0653495524866976
248,0.041356805120099
214,0.0214820930757043
212,0.00941076648510375
250,0.0696864759851934
250,0.0113504960457043
250,0.046928784201107
249,0.0280279655680999
249,0.0234405109220006
249,0.0252115184201962
247,0.0101317231320941
247,0.0108039449659962
267,0.014152739969397
298,0.384672376793496
250,0.0490315650405968
250,0.0566252084119938
250,0.0601893126617981
250,0.0384667470653035
250,0.0414222893425027
249,0.0395248224790024
247,0.0201951440536021
247,0.0112749936694989
267,0.00679341445039938
243,0.0483876621273041
245,0.00633282677350167
14,0.0178604615868991
250,0.100616173622395
250,0.0521130378243946
250,0.0795888167429979
250,0.0557653459896947
250,0.0147695738726057
250,0.0298720680070019
250,0.0416410689584019
250,0.0885276434463051
249,0.0293607567739009
249,0.0184238601414002
275,0.0510603117173005
247,0.0150701426990985
247,0.0181046308525978
248,0.0313326962453964
248,0.0267205743578991
248,0.0175239249591002
248,0.0575722997204977
20,0.0402151857817969
27,0.00263253025961063
250,0.0941918888559954
250,0.0824520097783967
250,0.0341815671435981
250,0.0105414056972073
249,0.0418349408917997
249,0.0259722378430034
249,0.0432044429401017
247,0.0222911964242023
289,0.0114237057500048
267,0.0153137546856996
289,0.0164929732780941
248,0.0297644342703975
250,0.0823781059562982
250,0.0941170383970977
250,0.00836838434340592
249,0.0259420068539029
249,0.0355486537396956
249,0.0275491604269007
249,0.0377269833085982
249,0.0613628954248959
247,0.0155394119532986
247,0.0110778984013926
248,0.0304668047939955
248,0.0229358002716005
248,0.0311666179376964
249,0.0266359661679978
249,0.0307345046113987
249,0.0263494643903961
275,0.0383737615083994
249,0.0731896555208031
289,0.0159034690098032
289,0.0100722214294962
248,0.0142103675993042
248,0.0161784671664975
259,0.4121018281255
226,0.0111978824541055
245,0.0199671014781018
245,0.00433118646709829
250,0.0700228349736918
250,0.0620642933169933
250,0.0240925460459991
250,0.0247474204176044
250,0.0359877743041039
249,0.018239660877498
249,0.0577188281739005
247,0.0226594068249035
247,0.00520788329910005
248,0.0430931345569014
11,0.0395400980276008
250,0.0720835353288933
250,0.0561153249636064
250,0.0418834323369985
249,0.00755535554069908
249,0.039201768278101
247,0.0101326481048929
248,0.0370989045588992
245,0.0260897725879019
247,0.0143528458047015
250,0.0834849218932909
250,0.037719341797807
250,0.019590299260706
249,0.00919241275479621
249,0.0399582223368036
289,0.0176938511384996
289,0.0274295768175996
248,0.0221266874153017
248,0.0416970440068987
245,0.0162445810144973
16,0.00583924796789859
250,0.0821974438112996
250,0.0166871249088061
249,0.0144126369969975
249,0.0138570732612067
249,0.0275837149511027
249,0.0314911009932963
249,0.0569394319468017
247,0.0156507850853949
248,0.0246272008820938
245,0.0285758825713032
245,0.016517431042395
250,0.0709070288628979
250,0.0119115778055026
249,0.0237543132807012
249,0.0219471611528022
249,0.0495587932570025
249,0.0388755344314013
289,0.0176677890390984
288,0.0102653041221004
288,0.0823854445422008
248,0.021297892771301
248,0.0382163436031959
248,0.024300379332395
314,0.00164948556859557
27,0.0127721310960069
19,0.00826411051810538
250,0.037556562702008
249,0.0221606979092002
249,0.00939757551809706
249,0.0333173117069023
249,0.0395405656256997
289,0.0175837008364077
288,0.0111320497464966
248,0.0372073361017939
214,0.0101237230103024
245,0.0130760427498018
245,0.00903510187990264
250,0.022021276522505
249,0.00361058942629811
249,0.0329942928911038
249,0.0665650041389014
289,0.0175110055585037
267,0.0155469757588982
289,0.0140665049411979
267,0.00750824589160004
248,0.0361046126150981
248,0.0375918531441997
248,0.0410383039705984
248,0.0316821911630996
245,0.00610369913320596
250,0.0644206394146067
250,0.0624530888637018
249,0.0476897228565996
249,0.00713418847239922
249,0.0171407131359018
249,0.0502267019122975
249,0.0399371697869988
249,0.0549674603693013
247,0.010510487145595
247,0.0137811058891941
267,0.00775271132510014
289,0.0280594742043974
248,0.0204899855438967
248,0.0268524834940997
245,0.0276826100391006
245,0.0196500962115991
27,0.00478685205209217
250,0.0779377634308958
250,0.0881703081892944
250,0.0102615588602077
249,0.0364824814521079
249,0.0490604966786989
247,0.00926218373310661
247,9.92785007021268e-05
247,0.00598183887959536
247,0.00593129627079847
248,0.043196527275299
248,0.0439122766041997
250,0.0311667000986056
249,0.0250069096812986
249,0.0327188244288052
249,0.0217769602970961
249,0.0580922474090997
275,0.00358846610370023
275,0.00710972712810332
247,0.0055744486779048
247,0.0116730994811043
247,0.00867283058139634
288,0.0162440228423009
248,0.0187735974574004
248,0.0734784497549974
361,0.0644848319289011
243,0.0292780285460026
250,0.0700215316558932
250,0.0648079568548994
250,0.0737383919710908
250,0.0484552096062068
250,0.045067430484405
249,0.0360728754582986
249,0.0555571529127974
249,0.0201558988768014
249,0.0136894392912978
249,0.0501380570172039
249,0.0396233791049987
275,0.0144880202444035
288,0.0158379919533047
289,0.00660582572950474
247,0.0129340447759922
248,0.0218737737975978
248,0.0515466367994009
250,0.103310100757692
250,0.0968817983953976
250,0.0631560016963988
250,0.0214256219514013
250,0.0287474164937045
250,0.0388379127537064
249,0.0385880848787998
249,0.00719766749059758
249,0.0342557564769024
249,0.0256670628670008
289,0.0148883508216002
288,0.0150622738427053
248,0.0175241969404958
248,0.0364614952381999
199,0.0118188983601968
250,0.0542323359309052
250,0.0391344008529053
249,0.026667229178706
249,0.0457418581269984
247,0.0016089083611952
247,0.011425137862993
289,0.0249510778997006
248,0.0423334982560952
248,0.038479363405699
248,0.0337142752639963
361,0.060902287915102
250,0.0877275858781914
250,0.0193144845459976
250,0.0661849977938047
249,0.0220530638149974
249,0.0147970730882001
249,0.0271713066214971
249,0.0606030609433006
247,0.0175774579625063
247,0.0134654864655062
247,0.0152303517593992
267,0.00682777988030026
288,0.0117458082712965
248,0.0431167898787983
248,0.0278249542303008
245,0.0169206781608935
250,0.0780677275582917
294,0.0670189871388054
249,0.0288577182515048
249,0.0373853539799036
249,0.0495753834936998
275,0.0185369569554972
275,0.0203494686682042
289,0.0140553313430019
248,0.00604931012109944
248,0.0302012702658985
250,0.0701040351607958
250,0.050425237113604
249,0.0152879844462994
249,0.0349138178605983
247,0.00477913669559982
267,0.0110173018326023
267,0.00671194477619963
248,0.0247696282238969
30,0.0226714103307017
250,0.0261249351821071
250,0.0750863694541017
250,0.0861128157227036
249,0.0399204197950027
249,0.0191822334987002
289,0.0296949639929025
267,0.0099972334578986
267,0.0102922998857018
248,0.0352709485831006
250,0.0207981420622048
250,0.0336268164735039
249,0.0249351730289966
249,0.00439299725600151
249,0.0215156247827046
249,0.0628247753429996
247,0.0137338143518058
288,0.0122395082659956
288,0.00644457270010079
248,0.0210954292646015
204,0.0152221017420047
250,0.0307186605036058
249,0.0369838612197988
249,0.083941483669502
249,0.00989101884029964
247,0.0155521030335031
289,0.0130698421289992
267,0.0146467836040038
267,0.0108350395254959
248,0.0266957065374953
250,0.0625850695280938
250,0.0523757590549074
249,0.0826341227381988
249,0.0282712714788005
249,0.013530831782905
249,0.041516897496102
247,0.0201441458763014
247,0.00992778433069574
247,0.0098766260777019
288,0.00446526485520238
248,0.0142483910683993
248,0.0518331924230004
250,0.0502543632356911
250,0.0401877868091027
249,0.0814696182794989
249,0.0281471408540988
249,0.0424987825063035
247,0.0112331579827973
289,0.0233415964917967
248,0.0369854652672963
250,0.0718754911683916
250,0.0534284902901021
249,0.0117146221921978
249,0.017561551142002
249,0.0289778343591038
249,0.0446320015908022
247,0.00757503064370724
247,0.00556348945319485
289,0.0264687382878961
248,0.0401999113953977
248,0.0137635261338005
248,0.0486841883609976
199,0.00671642257670158
27,0.00417131532580584
250,0.0818839702950953
250,0.0279257862371978
249,0.0346992673767978
249,0.012109227885297
249,0.0358693686524951
247,0.00908850201249578
288,0.0137160207911009
289,0.0216959940245971
248,0.0272816989444991
248,0.0194776265384
248,0.0342098141688005
76,0.0165447042496965
14,0.0156366939204986
250,0.0611814396151935
250,0.0203261923372047
249,0.0112656836694995
249,0.0377422638471963
249,0.050071251529701
275,0.0107510335630963
275,0.010264487047202
247,0.00327777434899801
289,0.0185431130586977
267,0.0156978931122005
27,0.00585187664520959
250,0.0862933849649927
250,0.082580633536999
250,0.0203596874278986
250,0.0369340816091039
250,0.0342049825286068
249,0.0645483744772974
249,0.0452180281240011
275,0.064718651623803
247,0.011526437413103
247,0.0172289036925051
289,0.00789718975619635
267,0.00937200049109777
248,0.0394733839472003
248,0.0382139561251975
250,0.0248165042221018
249,0.0798425715564974
249,0.0172486589495975
249,0.0267906701511045
249,0.0497945368263046
249,0.0266610595389061
249,0.0436208846928992
249,0.0633308430466002
267,0.0136993476303005
267,0.0103485199569029
267,0.00782966136230101
248,0.0340830536142995
248,0.00600491772079792
248,0.00948705926750293
248,0.0394356389681967
248,0.0349662560893975
248,0.0412879070673
250,0.0588466415941973
250,0.036102347143192
250,0.0387389672743019
250,0.0560236196893058
249,0.0105806359314009
249,0.0152929298077034
249,0.0365436754364978
249,0.0514025812149015
275,0.010909551914601
247,0.00553888198330199
247,0.00362375213989452
247,0.0299559728650962
247,0.0167881457393939
267,0.0145117325783026
267,0.0151857516648981
267,0.00413699840330395
267,0.00491924123300436
248,0.0172974376487005
248,0.0484631315163
199,0.0114285985807996
250,0.0474486829239957
250,0.0767728821395934
250,0.0196218499978968
250,0.00826568940999906
250,0.0238925638478058
250,0.0125113235609042
250,0.0604100109013039
250,0.0519554363791066
249,0.0120491915420011
249,0.0319977888124008
249,0.0566306965390986
249,0.0359942096040982
249,0.0436968384315009
247,0.00382253707740787
247,0.0109603174486956
247,0.0134246301560985
267,0.00947064120399688
289,0.0134545131006973
248,0.0154965034826979
248,0.0318289368182967
248,0.0369787464723963
249,0.0176117170201024
249,0.0451488430670004
289,0.0127807448401001
248,0.0438130483954993
243,0.061986786086301
244,0.0501899990655019
245,0.0196095507938026
249,0.0370697733779046
27,0.00384453153049691
27,0.013876363115898
334,0.0204081906736064
247,0.0099084045146931
247,0.0168469233924959
245,0.0233149285851013
248,0.0602423308371947
204,0.0333350462098991
116,0.0665338614904023
250,0.105083801915995
250,0.107443929723196
250,0.0738562518442976
250,0.0611827942924954
250,0.0723463976736944
250,0.0138222254306051
250,0.0171024034837046
250,0.0448323652429039
249,0.0146449066704974
250,0.0827327562049014
249,0.0331273364189038
249,0.026647625951
249,0.0255474872762029
249,0.059349447495606
275,0.0518281984561959
247,0.00893901902760419
247,0.0111367982680939
247,0.0124449914211944
288,0.0142599932111018
248,0.0347463608777012
248,0.0103229511336949
248,0.0363252935915988
248,0.0492105604552009
250,0.0336159540317098
250,0.0395900916770024
249,0.0287976952093025
249,0.0706029224387983
249,0.00796718431060128
249,0.0479686867215001
275,0.063202694107396
289,0.0176385442946021
247,0.0137132558468949
289,0.00861169613189716
289,0.0213059631535941
248,0.0193388503524012
248,0.0185351160482021
250,0.0726520775956914
250,0.0392119981491952
250,0.0371913951474951
250,0.038627949133204
249,0.080481679011303
249,0.0280568447025971
249,0.00926979025290109
249,0.0609089839466961
275,0.0126158926926969
247,0.00812807309240426
247,0.00702355382510689
247,0.00669270185320059
247,0.0121877827231991
267,0.0142465719425964
289,0.0311039123164996
248,0.0233968701631966
250,0.0757272400842908
250,0.0268748961044061
250,0.040580392782207
250,0.059357812771907
250,0.0861464199333071
249,0.0341217547801982
249,0.010711986065207
249,0.0556436459347971
249,0.0674627295217007
275,0.0274305470745055
289,0.0206269601208042
247,0.00321933968800536
289,0.00892988941840045
248,0.0109089700210987
248,0.0283843244575941
248,0.0553431279394019
177,0.0128964214313996
250,0.0520608693085975
250,0.0390714283087057
249,0.0106485231461058
249,0.019498847146096
249,0.0648324622082015
247,0.00754039037540366
288,0.0242758673497967
248,0.0102585136622011
248,0.0402853958000975
248,0.0216982377928971
250,0.0715979669162934
250,0.00799500874120795
250,0.0307790190577002
249,0.0118659242298023
249,0.0138498819636013
249,0.0418602299373987
247,0.011403870814501
247,0.00855586864239655
247,0.0163460145641956
289,0.0141510519837986
248,0.0122053680533014
248,0.0657042044136027
10,0.00700756459190899
250,0.0840466779353939
250,0.074763630844398
250,0.0202579820190039
250,0.0384350313923072
250,0.036085145765604
250,0.0355442213102073
249,0.0319972698167028
249,0.0275743982369008
275,0.0313515577464969
275,0.0142993394588977
289,0.0225778207198033
247,0.00356356185849549
247,0.0118519502958918
247,0.00758074067239534
248,0.00831813522590252
248,0.0250161918481986
250,0.0856366604161956
250,0.0231813936910079
250,0.0331783050689083
249,0.0100566108054032
249,0.00637580916690439
249,0.037881630825396
249,0.0310297003914997
247,0.0161494687799966
267,0.00537608299550385
289,0.0154202211081973
248,0.00970208416789475
248,0.0153566786382022
248,0.0552723032716997
248,0.043584010458698
334,0.0197541696662
250,0.0840963962840924
250,0.067763087125396
250,0.0112917835791997
249,0.0254105844177985
249,0.0272545856060979
249,0.031190203313102
249,0.0350193067207023
249,0.0645412962138998
275,0.00953855639970413
247,0.0112294151974019
247,0.0106237709313959
289,0.0092147599776915
288,0.00757040797919473
288,0.00937599863620164
267,0.00633928317270005
248,0.0453934829171949
248,0.0214822824284973
248,0.0587674096531003
250,0.0781571699750963
250,0.0135202481800043
250,0.035984103296208
250,0.026398380418204
250,0.0337727807602022
249,0.0322873880765968
249,0.0216393668679977
249,0.0253801536944032
249,0.027463677575799
247,0.00983087564040019
248,0.0101724522059001
248,0.0323778520351965
250,0.062146454710394
250,0.0137393560571972
249,0.030874500236898
249,0.0327713069525011
249,0.0445322551003962
247,0.0110767472315025
247,0.00426547392469701
247,0.0138541789160982
248,0.00703246459150364
248,0.0697050659639942
250,0.0732312704563967
250,0.0778893481878953
250,0.0311925079529018
250,0.0204042773080033
250,0.0283085113742096
249,0.0283104907502008
249,0.0198183642125009
248,0.00605521489429961
245,0.0128002683442006
245,0.0130576971578975
250,0.0778159310577955
250,0.0678846854740947
250,0.0303201450133983
250,0.056341090696904
250,0.0614334000090047
250,0.0583985048910023
249,0.0366280485543022
249,0.0230207024520972
249,0.0155795933998988
249,0.0491714597674004
247,0.00990974990690319
247,0.0124042754169018
288,0.0111739077490007
289,0.00311557211749403
248,0.0276345678681942
245,0.019436998433001
250,0.0910407061064937
250,0.0975920567673931
250,0.0264298486234082
250,0.0239749635136057
250,0.0389982728407006
249,0.0156698443316969
247,0.0105124640155978
288,0.0200569880894008
288,0.0106067333158038
245,0.0121539035142035
250,0.0818133751349919
250,0.0607888489796977
250,0.0134621990990027
250,0.0513482309306035
250,0.0364454625434085
250,0.0567093793610027
249,0.00644799588840073
249,0.0099298298351016
249,0.051366626111097
275,0.0241896733662976
267,0.00918226614740192
267,0.00965205282129844
248,0.00605201247220322
248,0.0161604524310981
248,0.0424182014205954
248,0.0435362019601975
248,0.0468144277724996
250,0.0745704104032932
249,0.0285150622733994
275,0.0231995648194996
247,0.00879088376299464
288,0.00555176558379955
267,0.0142271629696005
314,0.00987657710659562
250,0.049980804307296
250,0.0162163260248072
250,0.030519179583905
250,0.0273041844640076
250,0.0517749718097029
250,0.0431175157366042
249,0.0426822181251012
247,0.0155315154758
247,0.00651550916479593
267,0.0161068940993978
267,0.0141593187063016
248,0.0213661390553987
248,0.0124411697799012
248,0.0342051452916969
214,0.00786569701670459
250,0.0719367829225916
250,0.0905664445884931
250,0.102987928273993
250,0.0248690376157974
250,0.0421203465911084
250,0.0270184956961046
250,0.0362548045835034
249,0.051342414661093
249,0.026766355298399
249,0.0506439756042987
288,0.00543304664050126
288,0.00911002342450118
248,0.0402218146990982
248,0.0152716825840002
248,0.032596070503601
250,0.0884410948070951
250,0.082275344995498
250,0.0813609142417988
250,0.0169267122064944
250,0.0357456442526036
249,0.0333852539361992
249,0.014355987830001
249,0.0306089363470043
249,0.0196484408678046
249,0.0432448399780974
249,0.0322505968745013
249,0.0661417607469978
247,0.0145836073963999
247,0.00521205574639794
247,0.00757609859949326
288,0.0113363209613944
289,0.00505271285929609
248,0.0369578463486988
248,0.0583835088392988
250,0.0930698417179983
250,0.0313248957947998
250,0.0339168228840023
250,0.0228808811424024
250,0.0382529889601031
275,0.00495711241949692
248,0.0149360192934012
250,0.0734408727750946
250,0.00751061159249744
250,0.0379783928827031
249,0.0422472658012047
267,0.00152511172639791
248,0.0189648919282988
250,0.105189789687596
250,0.102237360145494
250,0.00856082121080348
250,0.0368636701844061
250,0.0394678135641051
249,0.0383836002701017
247,0.0166225963237956
247,0.0104855662770973
289,0.00576013291139432
248,0.0108577325698036
248,0.0253206243038981
248,0.0346860839026988
250,0.0734301305739926
250,0.0404489899109066
250,0.0126212824003069
250,0.0315141164825015
250,0.0413960557273079
249,0.0406167040964007
249,0.0231964144699077
249,0.0151602973575997
249,0.0248314695444982
275,0.0631234962647973
249,0.0408669855730963
247,0.0113037467459947
289,0.0160821522981998
248,0.011998399488899
250,0.141351342810495
250,0.0322918268057002
250,0.0263596304870006
250,0.0276102227304023
250,0.0468047333095036
250,0.0330679564746035
250,0.0344676004970026
250,0.0382897941653049
249,0.0307191782469012
249,0.0281805294003981
249,0.0309613955129997
249,0.0505507966845009
247,0.0259370371606948
288,0.00350022436999708
289,0.0142285984182955
289,0.00701951546809099
288,0.0136184096813992
248,0.0105546139028974
250,0.0884058974661954
250,0.0345351857149012
250,0.0695224103351038
250,0.0738983041603056
249,0.0348566524447023
288,0.0224323627539
248,0.0314136142708001
250,0.0361775008218075
250,0.0196676397392004
249,0.0290314658510979
249,0.0277138535928998
249,0.0662248700456018
249,0.0622921421765028
248,0.0121950076191943
250,0.0855114873500931
250,0.0426179925516941
250,0.0371189934727028
249,0.0109376777005998
249,0.0179161289130043
247,0.0219484223321018
289,0.0193236240606005
247,0.0144402896266946
248,0.0363064144927954
212,0.0122932331269965
199,0.019965110618493
250,0.0767979576356943
250,0.0829231290073977
250,0.0216209727917089
250,0.0461259079186043
249,0.0529020177248007
249,0.037092548993499
249,0.0173701292513009
248,0.0350265455217986
248,0.0619298622546935
2,0.0186668282479978
250,0.0179434724184055
249,0.0107208849032041
249,0.0356743681524989
249,0.0283583551766995
249,0.0424498423690025
288,0.0105751983888958
289,0.0312274220239992
110,0.00962914424420447
250,0.0835859012361979
250,0.0422355987093006
250,0.0245547644750026
249,0.026789907111997
249,0.019686741102003
249,0.0310795982735996
249,0.0404196992035963
249,0.0473785116506988
289,0.0263438616525029
247,0.0180911963217945
289,0.0161876758366013
267,0.00127488955770261
249,0.0196482641964053
288,0.0158763184489032
248,0.00553768355380413
