"id_nearest_chp","dist_nearest_chp"
91,5.27700954836928
101,25.6968107761604
166,13.8072553901002
165,6.52481276303979
167,7.67398691641984
167,7.67398691640983
167,7.67398691641984
166,26.3641342056403
166,26.3618076927701
167,7.67398691640983
110,31.0360780487504
166,37.0931846284202
20,5.25837943673014
6,14.9367539732802
162,11.1995723546102
113,9.27555216837027
101,28.4954579252699
38,7.43437722988983
166,37.0947090383997
167,7.67398691641984
167,7.67398691640983
101,18.7706444866503
101,37.3468587400303
101,37.3483108814803
166,37.0935054363699
99,12.4534447230099
101,28.2004893574199
101,28.2004893574199
101,24.7271672265501
167,6.65269580214954
132,23.3460661316199
110,23.74308255809
101,28.2004893574199
101,28.2004893574199
110,43.2455898311305
166,25.6938447043899
101,22.9464535401498
167,9.14107641298006
132,28.7246333503595
6,14.93352416689
110,39.8795777052901
110,39.8795777052801
166,25.69141672356
43,48.5682121766904
165,6.52902924214004
113,9.27765184963027
166,26.3618664857099
110,35.9820322262399
110,23.7430825580805
40,2.47156106335024
104,14.8517852030204
101,28.2004893574199
166,25.6902863146402
166,26.36260664991
101,12.5346865081801
110,39.8795777052901
101,28.2004893574299
20,5.26002531647009
101,22.9464535401498
166,26.3634589725402
102,1.82096974108981
166,25.6953517504403
166,25.6932627144802
110,35.9820322262399
110,23.7430825580905
166,25.6931451557998
165,8.01918536909943
104,17.8074750647006
102,1.82096974108981
20,5.26420946864027
104,32.6477346203201
36,36.5822140333798
165,6.05568795676027
165,6.52713079353953
110,26.4964522125301
33,5.09157724456009
165,6.52885113635966
6,42.3854038458703
101,12.54333589919
165,6.52850661016009
165,6.05588965821016
166,9.05354698259998
43,55.1692923053006
102,1.82096974107981
166,36.9768390668901
102,1.82096974108981
165,6.53055252757986
166,26.3618257170801
20,5.25946763612046
166,37.0898605069005
132,4.42204313493039
100,11.2634857000003
166,37.0923688044604
165,6.52799513199989
34,37.2032751093798
165,6.0584966708002
91,5.27720252517975
165,6.52882715321994
166,37.0916398771406
100,20.0901614609002
165,6.52773824659971
20,5.26221753314985
166,25.6949735402
132,29.87011371773
166,37.0958207593403
166,37.09347509689
165,6.52947667873968
165,6.52888859385985
165,6.52920616007987
165,6.52533664619978
165,7.82997806201001
33,7.22140276317032
20,5.25480605283019
34,2.70902441706994
102,1.82096974108981
166,36.9852607596699
91,5.27908276621929
118,4.58975957706025
34,2.71204692394986
33,5.09377381010017
166,25.6956749082001
102,1.82096974108981
33,5.09316055744011
34,2.71182665838978
34,2.70984035989022
5,2.72352195081976
91,5.63392899924975
167,7.67398691640983
166,36.9830719963497
20,5.25721617045019
166,30.7860407040102
166,27.7942234044699
102,1.82096974108981
20,5.26274533743026
26,2.63754500872028
166,2.07166183174968
166,2.07166183174968
101,28.2004893574299
104,48.5912419699503
162,11.1995723546102
32,2.39899176324025
23,5.58724425878063
70,18.4915120737896
166,13.8338524285
102,1.82096974108981
102,1.82096974108981
166,36.9800868825901
165,7.82904580293962
102,1.82096974108981
102,1.82096974108981
165,12.5272511211101
75,27.7123565808502
100,16.4461560602599
102,1.82096974108981
33,5.09141564726042
101,28.2004893574299
101,28.2004893574199
91,5.27808646958965
166,36.9810934564298
166,13.8317659719601
166,2.07166183175013
167,7.67398691640983
91,5.27919494635989
166,36.97941937941
6,14.9342675222802
101,22.9464535401498
166,13.8328830482201
166,30.7765955263303
102,1.82096974108981
166,28.0167421088299
100,20.0913676080304
6,10.2201181731002
99,7.03150777331985
167,11.60029772086
6,2.85388063398022
166,2.07166183175013
167,7.67398691640983
167,7.67398691641984
91,5.27733232482933
6,14.9332061147998
166,36.9816144990905
34,2.71089422166006
167,9.13967677195978
165,12.5241442702504
20,5.26185808237005
91,5.27577324929007
107,1.50948582238971
107,1.50948582238971
107,1.50948582239971
162,11.1995723546097
107,1.50948582239971
40,4.1471630189003
102,1.82096974108981
40,2.47156106334023
91,5.2787328063896
6,2.85388063398022
91,5.27559987537006
6,14.93019669058
48,1.4889838518402
162,11.1995723546102
166,13.8346785909002
165,6.53007752240001
166,30.7830821057801
167,7.67398691640983
101,24.9470978939798
167,6.18536863033023
6,4.33889515552983
101,28.2004893574299
48,1.48898385182974
167,7.67398691642029
107,3.54027431140958
166,26.3625432953399
166,25.6941410999502
102,1.82096974108981
166,28.0112031792105
167,3.88585352167001
91,5.28008695579956
166,36.9825390230303
166,31.2294976664602
34,2.71101763259003
6,14.9333588713998
6,14.9363415279199
165,12.52694730137
33,5.09370400420039
6,14.9322891486399
166,13.8348672317002
102,1.82096974108981
167,6.65124734132951
99,5.85311944955993
166,2.07166183174968
166,13.4757255253203
107,11.2792567680199
91,5.28079457990953
166,2.07166183175013
166,37.0925820574903
40,2.47156106333978
101,28.2004893574299
77,2.29349801852004
166,26.3627084007899
32,2.39899176325025
166,36.9817689541101
166,37.0935628611805
48,1.4889838518302
6,14.9328315898001
100,16.4653811883404
101,28.2004893574299
166,28.0123564881701
77,2.29349801852004
165,6.53371211363992
91,5.27949731257968
167,7.67398691640983
91,5.28076180774951
110,35.9820322262403
165,6.05230547129031
166,2.07166183174968
6,14.93355681202
20,5.26014150582023
35,6.4712072009097
167,7.67398691640983
101,28.2004893574199
165,12.52503465569
102,1.82096974108981
167,7.67398691641029
35,6.72451948029993
6,14.9306425313798
6,49.9935718909005
40,2.47156106333978
167,7.67398691641984
101,13.7273485084897
166,2.07166183175013
165,5.36447532228976
167,7.67398691641984
6,14.9322337522999
6,14.93482335408
102,1.82096974108981
166,36.9801120913103
166,36.9807199571401
91,5.27885012731986
48,1.48898385182974
6,14.9297325237603
130,13.1897964867103
101,9.81603760420967
110,23.74308255809
101,28.4954579252699
101,28.2004893574299
91,5.28133362657991
102,1.82096974108936
35,6.72451948029993
33,4.10138111816013
102,1.82096974108981
6,2.85388063398022
167,7.67398691640983
166,37.0919708315905
165,8.01976654698956
20,5.25942242877045
91,5.27920055334926
40,2.47156106334978
91,5.27743105767968
48,1.48898385182974
134,0.952760274440152
6,2.85388063399023
6,14.9326037878
40,2.47156106335024
48,1.48898385183975
134,1.04909851756065
167,7.67398691640983
20,5.25954218187007
6,14.9317082211001
6,14.9322178540801
15,5.24925826500976
6,14.9316003625399
40,2.47156106334023
40,2.47156106335024
35,6.4712072009097
6,14.9297660175798
6,42.3854038458803
6,31.4298210194002
6,2.85388063398022
6,14.9344204095401
104,11.6606071665897
102,1.82096974108981
6,14.9285491299402
20,5.25871673634992
104,4.53668238484988
101,28.4954579252694
102,1.82096974108981
6,26.6806641836001
104,4.53668238486034
167,17.0237178034099
166,13.8319668220802
34,2.71296880098998
104,48.5969665258503
6,26.6759517317801
35,6.72451948029993
6,14.9295095155903
165,6.52853477227973
167,7.67398691641984
109,11.1543083333104
6,54.0383378086703
110,17.2060663542702
102,1.82096974108981
166,25.6904363283602
167,7.67398691641984
91,5.27879689233941
166,36.9818162372299
103,4.26427525117015
102,1.82096974108981
32,2.39899176324025
102,1.82096974108981
167,7.67398691640983
167,7.67398691641984
166,2.07166183174968
32,2.39899176323979
166,40.65591106494
6,14.9329991222803
167,7.67398691640983
6,42.3854038458803
167,7.67398691640983
6,14.93522340554
91,5.27741455509931
167,7.67398691640983
20,5.25647930817013
166,28.0121527558304
166,25.6916598013599
91,5.27697119588993
91,5.27916750719942
6,10.2201181730902
36,36.5822140333698
101,17.69412973418
2,24.5865922858402
102,8.10252558728007
166,13.4744343861798
32,2.39899176323979
166,2.07166183174968
33,5.0919590910803
101,28.2004893574199
91,5.27760514348938
6,42.3854038458703
165,12.5285462312104
118,4.03021721314008
33,5.08895157992038
91,5.27812032529982
165,12.5256611956302
165,6.53210698064004
91,5.28040603964928
91,5.2815592873294
167,6.65066299198952
166,36.9818156566503
5,2.79011154955015
101,28.4954579252699
167,6.65347936162016
32,2.39899176324025
167,6.65106577590996
40,2.47156106335024
165,12.52345325641
6,2.85388063398022
103,4.26427525116969
91,5.27934990404992
99,8.37419734935975
101,9.81508676671001
166,37.0940413174503
101,28.4954579252699
101,28.4954579252699
101,9.81759957575014
132,23.3441929483997
100,11.2638237124702
91,5.27520698849003
166,22.4847693842498
166,22.4826864462502
166,2.07166183174968
165,6.53286804677964
33,4.09947967353992
33,4.09427036702027
166,32.5846025722603
166,22.4995975614002
165,6.52828482673976
6,19.2115905281698
101,16.7203083741401
166,22.48160571167
20,5.25830346095017
40,2.47156106335024
70,18.4915120737901
91,6.35461683482981
165,6.05769519713022
166,2.07166183175013
33,5.09282818688052
6,2.85388063399023
91,5.2797059773593
166,25.6918656467801
166,13.4771899402299
91,5.27879490481973
166,2.07166183175013
110,17.2060663542702
91,6.35070543210941
91,6.35204225034931
91,7.76645301469944
166,36.9778722876804
166,31.2336172646001
102,1.82096974108981
166,2.07166183174013
6,11.6816486867101
40,2.47156106334023
101,8.34172723928987
110,43.2455898311305
110,30.6075537725601
35,6.47120720091016
15,4.09541028787999
20,5.26004271163038
165,12.5275095327302
167,14.3455374328996
75,27.7136141364504
91,5.27756970898963
6,28.6181604161602
91,5.27738562214927
91,5.27925647872962
91,5.2804881942393
91,5.27645817005941
91,5.27785259741995
91,5.28008444644001
100,26.2854164045702
91,5.27439580846931
20,5.26338664693048
40,2.47156106334023
101,28.2004893574199
40,2.47156106334023
40,2.47156106334978
102,1.82096974108981
101,28.4954579252699
101,8.34103405008955
166,36.82960051493
167,7.67398691641029
167,7.67398691641984
167,7.67398691642029
40,2.47156106334023
101,28.4954579252699
6,54.0383378086703
102,1.82096974108981
34,2.71098120840998
167,7.67398691640983
40,2.47156106334023
166,13.83468879166
101,11.9980457893598
166,2.07166183174968
34,2.71236599319991
6,24.1625192307397
165,6.05744388843004
102,1.82096974108981
167,13.40945721872
101,21.3944397641999
40,2.47156106334023
40,2.47156106335024
100,5.45409578157978
166,13.8316847491201
102,9.48159799745963
102,1.82096974108981
6,2.85388063398022
102,1.82096974108981
102,1.82096974108981
102,1.82096974108981
40,2.47156106334023
40,2.47156106334023
167,7.67398691640983
167,7.67398691640983
166,26.3576858340998
40,2.47156106334023
165,12.5225177754701
165,5.36901616258956
91,5.27729678448941
110,35.9820322262299
167,6.6497556346003
6,19.2094484811701
101,28.2004893574199
167,7.67398691640983
91,5.27872695484984
104,14.8543141545206
166,31.2272356427598
35,6.4712072009097
38,12.0121757807101
165,5.36835056796963
35,6.4712072009097
107,1.50948582239971
102,1.82096974108981
89,3.88707200064982
167,6.22538586861992
6,14.9321965618401
104,32.6477346203096
166,36.9836710178101
165,5.36611168690979
102,1.82096974108981
167,7.67398691640983
165,6.53235619452971
104,32.6477346203201
166,13.4768273303002
109,3.83412034173989
101,28.2004893574299
166,28.0127647319905
165,6.52924689041993
165,12.5243279567703
104,4.53668238486034
167,6.22559357253976
167,13.00612735102
35,6.4712072009097
20,5.2611537371904
104,14.8510274605806
166,25.6953911284504
33,4.0948198014803
6,14.9366402889
32,8.12028897986011
35,6.4712072009097
104,32.6477346203101
101,8.34409328457969
166,28.6988972638501
6,19.2068651520503
91,5.27475711303941
101,28.2004893574199
167,3.85010891153979
101,8.33740057753948
101,28.4954579252699
165,12.52540239067
165,12.52711405739
101,28.2004893574299
101,28.2004893574199
77,2.29349801851004
33,4.09524063496019
110,43.24558983112
101,9.8165345280695
91,5.28238740345932
165,6.52712531303996
165,6.52783206761978
165,6.52921744894002
35,6.72451948029993
101,28.2004893574199
102,1.82096974108981
166,36.9834075479898
165,6.52523006373985
101,28.2004893574199
101,28.4954579252599
166,25.6935984697998
166,25.6929714261801
166,38.2604664098403
48,1.48898385182974
110,31.0360780487604
35,6.4712072009097
6,41.30852392417
103,3.09520376627052
167,7.67398691641029
167,7.67398691640983
110,32.8258677897202
101,8.34230782319992
167,7.67398691641029
99,7.03150777332939
102,1.82096974108981
167,7.67398691640983
6,19.2090471167603
101,28.2004893574299
104,17.8062699346406
102,1.82096974108981
102,1.82096974108981
101,28.2004893574299
110,27.6850482029899
6,14.9329435611198
166,28.0117194165105
166,2.07166183173968
101,28.4954579252699
101,28.4954579252599
101,28.4954579252699
34,2.71144119738983
101,23.0609934663203
166,28.0086749223101
166,2.07166183175013
34,2.70845791936972
165,6.52942534511976
165,6.0572739337199
110,35.9820322262403
166,25.693772349
167,6.65308479767009
166,28.0137320847998
6,19.2103606897899
32,2.39899176324025
165,12.52493736524
101,30.8084924748596
167,7.67398691640983
166,2.07166183175013
6,14.9326800447598
101,22.9464535401498
91,5.28035979674951
100,26.2902343862802
165,8.02201853316001
166,28.6957991677104
102,1.19575518017018
102,1.82096974108981
165,6.52780029485984
6,14.9339053043
101,28.2004893574199
167,7.67398691642029
167,7.67398691640983
165,6.52790454159958
100,9.46852090947004
101,28.2004893574299
6,14.9329097898399
34,2.70940533870998
165,6.05130287057045
40,2.47156106334978
166,2.07166183175013
100,17.8057451887903
165,6.53124771545981
6,14.9348619044599
101,9.8157486821201
101,28.2004893574199
166,5.74579297175023
40,10.77072722197
40,2.47156106333978
167,7.67398691641984
103,4.26427525116969
165,6.5279798091201
165,6.52832998189979
6,14.9350495560202
166,36.9787523648897
167,7.67398691641984
167,7.67398691641984
100,9.46807450547021
166,25.6925508028203
107,1.50948582238925
165,6.53064994093984
166,2.07166183175013
167,7.67398691640983
6,14.9343821088801
34,2.70873720642976
32,8.80487437599004
102,1.82096974108981
32,2.39899176324025
166,22.4832379129898
165,2.67954638436004
165,2.6758490964603
6,2.85388063398022
167,7.67398691640983
167,9.13731833125985
102,1.82096974108981
165,6.52941685811993
167,7.67398691640983
165,6.53222103945973
33,7.22438980676043
166,25.6935063270398
165,6.0562484233601
167,7.67398691641029
132,23.3492432998596
167,7.67398691641984
102,1.82096974108981
165,6.05302398124013
165,6.05407334940037
165,6.05403712826001
100,11.2662215079899
6,14.9334467078402
6,14.9311525428102
166,36.9841000372303
166,36.9789568139399
91,5.27743221184937
166,5.70254580270012
165,6.52911936697956
166,2.07166183175013
6,14.93589106538
166,25.6971998110398
166,9.05047027478031
40,2.47156106335024
166,36.9859713380101
91,5.27752700633937
101,28.2004893574199
166,36.9817658718098
167,7.67398691640983
167,7.67398691641984
33,5.09373038735021
36,36.5822140333694
6,19.2090669598902
167,7.67398691640983
101,28.2004893574199
34,2.71024488719013
165,6.52978722307989
35,6.4712072009097
162,11.1995723546097
166,36.9820706990799
134,0.948908584179662
165,6.52635343338989
166,36.9825150187703
165,5.36710890787981
101,28.2004893574199
165,6.52906154217953
91,5.27511498502963
34,2.71025563949979
165,6.53094774093961
167,6.65183691383027
166,2.07166183175013
6,19.2072900091098
34,2.71050161941002
166,5.70037808255029
103,4.26427525117015
101,28.2004893574199
101,28.2004893574299
165,5.36339928168991
166,2.07166183175013
165,7.82771752169992
166,36.9820535863505
166,25.6954816441398
165,6.52846476471996
166,30.78061984542
102,1.82096974108981
110,17.4799251548602
6,19.20805522201
167,11.2728373137002
166,2.07166183174968
165,6.52628418787981
34,2.71022129576977
33,4.09238418619998
6,19.2090641360601
6,2.85388063398022
167,13.4022799493
101,28.2004893574199
102,1.82096974108981
6,19.2093560912499
101,25.3230292259095
166,28.0128098570603
167,7.67398691640983
166,25.6917226516202
101,28.2004893574199
165,6.52834551784008
165,6.53064465835951
166,36.9829823710302
166,36.9795532269904
165,5.36136940938968
166,36.9842367088499
166,36.9809166232903
101,28.2004893574199
101,28.2004893574299
167,7.67398691640983
166,36.9821791730101
6,2.85388063399023
165,6.5312795704599
167,6.65448127543004
101,22.9464535401498
166,2.07166183174968
32,2.3989917632498
101,28.2004893574299
167,7.67398691640983
101,28.2004893574199
32,2.39899176323979
167,7.67398691640983
35,6.4712072008997
167,7.67398691641984
166,28.0115105048599
33,7.22153852599013
167,3.85010891152979
101,28.2004893574199
165,12.5296235399301
104,9.46353505845036
167,6.64746522376026
32,2.39899176323979
102,1.82096974108981
166,2.07166183174968
101,28.2004893574199
102,1.82096974108981
110,27.6850482029899
167,6.65397976697022
165,6.53046438293995
6,19.2077001960902
165,6.52760372282
6,19.2050185584503
35,6.72451948029993
166,36.9847489273902
166,30.78186426721
103,3.09419304627045
89,3.88707200064982
167,6.22630350278996
165,6.52721908639978
166,36.9825290228105
165,5.36751866712984
162,11.1995723546102
33,7.22226592634024
33,7.22390706527995
101,28.2004893574299
6,19.20491806575
101,28.2004893574199
167,7.67398691640983
165,6.5322923876397
165,5.36678115782979
165,6.52888520361967
34,2.70909153846969
20,5.26107222993051
166,30.7833485910801
166,25.69046607054
167,6.6524036462697
33,7.22097062964031
33,7.21932197515025
101,28.2004893574299
167,7.67398691641029
33,7.22667526464011
33,7.22282282989045
32,2.39899176323979
33,7.22391771766024
34,2.71422766945989
165,6.52608664483978
33,7.2218650097202
33,7.22463024746003
33,5.09100684692021
32,2.3989917632498
33,7.22083508477999
91,5.27982337223966
165,6.52878524575999
102,1.82096974108981
167,13.4082558790401
166,13.8315148472802
33,7.22106174143028
166,25.6904470623399
33,5.09205892824002
32,2.39899176325025
33,7.22030270414007
166,37.0935593328404
33,7.22359886112008
33,4.09805837674003
33,7.2242479634001
33,7.21729843043022
166,36.97861539411
166,33.6107470289203
166,36.9811810860401
165,6.52520606537973
165,6.52594864565981
166,25.6962173047
166,25.6921566503402
166,25.6971716755302
166,25.6923372125398
166,30.7807622365699
6,2.85388063398022
166,13.8324473816401
101,28.2004893574299
167,7.67398691641984
101,28.2004893574199
166,28.0103125416699
110,26.4964522125301
101,28.2004893574199
165,6.53158868161972
35,6.4712072009097
33,7.22535777813027
165,6.52930293615964
165,6.52836247622008
165,12.5241483413301
77,2.29349801851004
166,36.9796460832199
102,1.82096974108981
165,5.36703464822995
165,6.52880300035986
165,5.36477652530994
166,25.6950721077301
166,36.98138274229
167,7.67398691640983
166,37.9214220934905
165,12.5280727229101
166,25.6936613046
166,25.6921443077804
102,15.2279343380096
6,19.2085156123303
165,6.05598616891029
167,6.65400721452988
166,25.6916050231598
166,25.6950653543204
33,4.09672286880004
34,2.71162013903995
36,36.5822140333798
6,14.9319545031403
166,30.7774434288203
15,6.22577776324988
165,5.36403137442994
165,6.53117573785994
166,28.0125158875499
6,2.85388063398022
167,3.85010891153979
6,14.9352358218603
167,7.67398691640983
166,25.6972807406701
166,13.4764497697302
101,28.2004893574199
101,22.9464535401498
166,13.8299768995403
167,7.67398691641984
6,14.93132130914
167,7.67398691641984
165,6.52601556005993
165,6.53013476669958
103,3.09575382247067
166,25.6950600798004
104,32.6477346203201
165,12.52742024805
101,28.2004893574299
6,14.93458366698
6,14.9337572255799
165,6.53095771469953
165,6.5294635857399
101,30.80849247486
101,28.2004893574199
165,6.52999417273986
167,2.4704032111099
167,7.67398691640983
101,28.2004893574299
6,14.9300322008403
6,14.93664823068
33,5.08829058298988
32,2.39899176325025
101,22.9464535401498
101,22.9464535401498
33,5.09490264712031
120,27.9553375019905
101,22.9464535401498
165,12.52555006483
101,28.2004893574299
167,7.67398691641984
101,28.2004893574199
166,36.98291947591
33,4.09343695345024
167,6.65215398367036
165,5.36559061704975
166,31.2289573551802
34,2.71072015364007
101,28.2004893574199
167,7.67398691641984
6,14.9300955236599
33,4.09689045930008
33,5.09047859342036
101,28.2004893574299
6,14.9365862999402
165,6.53046931945983
110,23.74308255809
165,6.52796471487954
165,6.53248382232005
165,6.52734000299961
165,6.05638380753999
34,2.71099718062987
34,2.71443626609016
166,22.4824794848601
167,7.67398691640983
167,7.67398691641984
165,12.5302896056701
165,6.53296279787992
165,6.52609832704957
162,11.1995723546097
162,11.1995723546097
166,16.3344422760301
167,6.65257621752971
40,4.1471630188903
166,25.6909387795099
165,6.52940458353987
32,2.3989917632498
40,2.47156106335024
166,18.5992102498203
40,2.47156106334023
104,32.6477346203201
167,7.67398691640983
101,22.9464535401498
167,7.67398691641029
165,6.52857153486957
35,4.49833180499991
35,4.4983318049899
110,17.2060663542602
101,22.9464535401498
167,6.6502117275395
33,5.08555791517983
33,5.08765442744016
165,5.36529434667
166,36.9797504674102
33,5.09214006794036
33,4.09565065699007
165,6.53407309397971
101,28.2004893574299
166,13.47771479422
166,13.0378009801302
33,5.09354805136036
167,7.67398691640983
166,40.6578346945903
166,40.6566829892904
165,6.53005378591979
166,36.9832519705101
166,36.9829608406703
165,6.53093856460009
33,5.09298829505997
32,2.39899176324025
32,2.39899176324025
166,25.6935897334401
33,4.09998519460032
33,4.09830157885017
33,4.0958792446404
33,4.09370352003998
167,9.14110243121968
165,6.5283492614999
165,6.53039692755965
166,36.9845803867497
166,22.4819167563901
165,6.52720996127982
32,2.39899176325025
166,18.5990905346298
166,13.47628013655
166,18.5977515520799
165,12.52567949489
165,6.52753059961969
166,13.4737065353402
32,2.3989917632498
167,7.67398691641984
166,9.04967951946037
165,6.05664934007018
167,7.67398691640983
166,9.05628106923996
165,6.52692353072007
165,6.52450947171974
165,6.52683383095973
165,6.52882108033964
33,5.0932292818502
20,5.26120685775004
165,6.5292060432198
101,28.2004893574194
165,6.53062238017992
101,28.4954579252599
166,25.69128179878
165,6.52805884837971
101,22.7536469263
118,3.0177783315703
166,25.6910257076602
101,28.4954579252599
165,6.52827455899978
165,6.52476023013969
91,5.27672130674
165,6.52873434012008
167,6.65124983744954
165,6.53129158229967
167,7.67398691640983
32,2.3989917632498
166,36.9835028022403
166,36.97954167327
166,13.4767879739602
166,22.5015504349699
101,28.4954579252699
101,22.9464535401598
166,22.4990668072101
167,7.67398691641984
166,36.9814957981503
166,25.6940592455298
167,6.65120721836956
167,7.67398691641029
166,25.6884876102799
165,6.52859236479981
33,4.09625668190029
165,6.52776843130005
33,5.09155895602044
33,5.09562818331005
101,22.9464535401498
167,7.67398691640983
166,36.9833813140299
101,9.81786096273026
32,2.39899176325025
166,22.5015357666903
32,2.39899176323979
33,5.09216240554042
165,6.52618778975966
33,7.22063390049016
33,4.09679619905046
32,2.39899176324025
32,2.39899176324025
32,2.3989917632498
167,6.65231842301
165,6.52710877862
33,5.09194745452032
165,6.53041337099967
165,6.53103939917992
32,2.39899176324025
33,5.09282580096033
165,6.52872993508981
104,32.6477346203101
167,7.67398691640983
32,8.80487437598003
6,2.85388063398022
33,4.09381163562011
165,6.53058601181965
165,6.52834252707953
33,4.09531529653987
33,4.09525519874023
33,4.09518116112031
33,5.09448345099054
33,4.09951838844017
165,6.53020086873994
165,6.52585858761995
101,22.9464535401498
6,14.93109073094
167,7.67398691640983
165,8.01854078412998
167,7.67398691640983
6,14.9322957007198
167,7.67398691640983
101,28.2004893574199
91,5.28193522331003
167,7.67398691641984
6,14.9322847509102
6,19.2057064738501
167,7.67398691641984
132,20.71717632134
101,28.4954579252699
101,28.4954579252699
20,5.25878150787048
167,9.13813152920011
167,7.67398691641984
101,28.2004893574299
101,26.3731827387101
101,28.2004893574199
32,2.3989917632498
101,28.2004893574199
101,28.2004893574299
167,7.67398691641984
165,2.57962873611996
165,5.36702390838991
166,36.9814243801598
33,7.22034413052006
165,6.52929606116004
165,6.52745150105966
165,6.5308899403999
165,6.53067956629957
33,5.0889228368701
165,6.52502990687981
165,6.5317163610398
101,28.2004893574299
91,5.27790321986959
33,5.09251221629029
166,25.6968218515999
101,28.2004893574199
33,5.09135027583989
166,31.2282466439201
166,36.9806808093304
165,12.5262669715503
6,2.85388063398022
165,12.52598487565
101,28.2004893574199
101,28.2004893574199
166,25.6935542576598
166,25.6931549747401
167,7.67398691640983
166,25.69390223649
166,25.6904962495801
101,28.4954579252599
165,6.05315625886988
101,22.9464535401498
101,28.2004893574199
165,6.05377136916013
6,14.9341050011199
110,17.2060663542702
32,2.39899176325025
166,26.82633960355
33,4.09129592601994
167,7.67398691640983
166,36.9859845899905
34,2.71246328287998
166,22.4817087197102
101,28.2004893574199
166,18.59816957568
32,2.3989917632498
110,27.6850482029899
34,2.71071570308004
101,28.2004893574194
166,25.6978249974904
167,6.6524179718499
167,7.67398691641984
165,6.05615992665025
32,2.39899176324025
32,2.39899176324025
32,2.3989917632498
33,5.09165081725996
167,7.67398691642029
101,28.2004893574299
32,2.39899176324025
167,7.67398691642029
166,25.6936231519098
165,6.52625952401968
32,2.39899176325025
101,28.2004893574299
166,22.4816955660704
33,4.09916282995027
166,36.9821656634499
32,2.3989917632498
166,23.2749536784004
165,6.05378856942025
32,2.3989917632498
166,9.05049473945019
99,1.55132692795041
165,6.5285142923799
32,2.39899176324025
166,36.9808452945904
33,5.0927918829002
166,25.6921708198402
166,22.48089034639
33,5.0955906874201
165,6.52553300563977
167,6.6534217578901
33,4.09412606098022
166,36.9798304436904
32,2.39899176324025
167,7.67398691640983
165,12.5261276219703
165,6.52893624045964
166,25.6908505739002
165,6.0556444955505
166,25.6940475164402
166,25.69215006288
165,6.05436009256027
102,9.48159799745008
91,5.27533995096928
165,6.05221889734048
166,25.6942773912201
165,6.52558135257959
32,2.39899176323979
165,6.52941900712995
32,2.39899176323979
33,4.0951283220702
32,2.39899176324025
165,7.83129688746976
165,6.52947646439998
101,22.9464535401503
165,6.53267293671979
33,4.0988169135403
165,6.52890908737982
167,6.65179115935007
33,5.09295701245037
165,6.52926681407962
166,31.2290939198601
166,36.9824830201501
166,36.9802980750501
40,2.47156106334023
166,36.9817757734504
101,22.9464535401598
10,12.51803565721
166,36.9801160048701
166,5.74552674464985
166,36.9842782601204
165,6.52752779471984
165,6.05541273276003
166,36.9845613172602
166,9.05600207602038
165,6.52773121393966
165,6.53051196967999
167,7.67398691641984
165,6.52500079832998
165,6.5251445583599
165,6.52807874411974
167,6.64934932359029
33,5.09370766404982
33,5.0942272365005
33,5.0916113147
33,5.0939163338503
33,5.09062660633026
165,6.5295839486198
33,7.21944276300019
166,25.6929718788601
165,12.5254754091702
33,7.22441698618013
6,14.9323363889598
40,2.47156106334023
40,2.47156106333978
33,4.09640305864013
165,6.53055486495987
166,25.6907704123601
33,5.09162805126016
165,6.52598677596006
165,8.02375829877019
166,25.6926270009403
166,25.6929415014001
165,6.05608644306039
165,6.05389954629027
33,5.09543190466002
165,6.52962977535981
165,2.57962873611041
166,36.9802144713899
33,5.09369027754019
101,22.9464535401498
167,6.65215297052964
166,40.6540664261497
33,7.22091931619025
32,2.3989917632498
34,2.71085692527004
33,4.09621302957021
32,2.39899176323979
32,2.39899176325025
166,36.9831112138804
33,5.08807727271005
166,22.4776522764901
166,37.0936072249297
166,25.6928511002002
166,26.3664219663401
166,18.6003557990398
166,25.6935590776602
165,6.52932979675961
165,6.52947095359968
165,6.53056022223973
33,4.09645008422012
166,31.2276145657002
165,6.06103052543995
165,6.52707417659985
165,6.52650032323982
166,18.59574064147
166,18.5942487931802
33,5.09485807676037
33,4.09582549038032
33,5.09256594428052
166,22.4964388325402
165,6.53038739193971
167,7.67398691641984
101,8.34249655209987
101,28.2004893574199
165,12.5255234262104
6,2.85388063398022
102,1.82096974108981
167,7.67398691640983
33,5.09018884160014
166,25.6941404364202
165,6.52621140497968
166,36.9856301094501
167,6.65596596610976
33,5.09473933492018
101,28.2004893574299
33,4.09649988016008
166,18.6001093048098
34,3.26093251917018
166,36.9831195359898
166,25.6920142076301
165,6.53049612837958
166,36.9823084254199
33,7.22090410749024
33,7.21843888410012
166,25.69504107082
165,2.57962873610995
33,7.22135943560033
33,4.09546360559989
33,5.09391890063989
165,7.83168821271011
165,6.52763007389967
165,6.52800042839999
165,6.53214829931994
165,6.53428692667967
33,4.09611381667992
33,4.09476219567023
32,2.39899176323979
166,13.4768589755399
165,6.05407003832033
165,7.82728526658957
165,6.52885782073963
165,6.53095011912001
165,6.53355892911986
166,25.6901564888499
166,13.4778712130401
165,6.53073962804001
165,2.57962873610995
33,5.09531780323005
33,5.09310194006002
165,6.52613824162972
165,6.52718513317996
165,6.52920212553954
166,25.69373030113
166,10.6302565023402
33,7.22252633382004
33,4.09978223456028
33,4.0937996701
33,5.08906812260057
166,22.49816763541
165,6.5307242415397
33,4.09834018068022
33,4.09826088129012
165,6.5318847676599
166,36.9797723994102
166,25.69366748109
166,22.4968596805602
166,22.4959620340601
166,22.4945534398698
165,6.52972248703963
35,4.49833180499991
166,36.9813059926801
166,25.6924496567904
166,2.07166183175013
165,7.8283885749097
165,6.52970780042006
165,6.52983192333977
165,6.52999977695981
165,6.53135913609958
35,4.4983318049899
35,4.4983318049899
33,7.22341585372033
33,4.09804279467016
166,36.9808007930301
165,6.05742740583037
33,4.09240471849034
166,25.6924825485698
166,22.4998568891001
166,22.4979727900204
165,6.52821230227983
32,2.39899176323979
166,22.4996168571402
101,22.9464535401498
32,2.39899176324025
166,22.4812817592701
165,6.5316652053798
166,9.05135406538011
33,7.2205010664502
33,4.09437653972009
166,16.3367418164903
166,9.05090144954011
165,12.5268787191303
33,5.09191303896023
166,25.6954319596202
166,40.6541863548105
103,12.1731787252202
100,11.2667821737705
139,1.50095909663969
33,4.09278367559045
166,36.9797556417902
165,6.52766807372973
165,6.52850137411997
165,6.53056905447966
165,6.52687212546971
166,36.9846569266401
166,36.9820220125098
165,6.52951983597995
167,7.67398691641984
166,25.69330800232
166,13.4759878558002
32,2.3989917632498
166,13.47151325102
165,6.52654663105977
167,5.65835766643022
165,5.36596423986975
166,25.6969636858398
165,6.52708947612973
166,25.6922240594199
165,6.05860826454
165,6.5299048943798
100,20.0889885090501
166,22.4816305835102
33,4.09917160708028
33,5.09493089709986
32,2.39899176323979
32,2.39899176323979
166,5.7426408034903
166,25.69386670116
32,2.39899176324025
165,6.05436903402051
6,14.9358405438202
165,2.57962873610995
165,6.05870948391021
102,1.82096974108981
165,6.52884413423953
32,2.39899176323979
33,7.22302419912012
165,6.05408502370028
166,13.4778283948003
166,22.4999920720802
166,22.4967254472499
102,1.82096974108981
166,25.6909606998902
110,28.4945856544205
165,6.53110416943991
165,6.53024752842975
165,6.5259347236597
165,6.53147051483984
33,4.09851885455009
165,6.53155285043977
166,36.9769488800498
165,6.52872623350004
33,4.09566922331987
166,25.6925415334103
166,22.4848079682702
166,22.4980773756602
165,6.52847455637993
165,6.52877330663978
165,6.52892292077968
166,36.9819469674699
165,6.52776637340003
165,6.52882839281983
165,6.52754357737967
166,36.9839967611902
113,9.27771373004998
165,6.0556223471699
165,6.05372565659991
165,6.52838587461974
165,6.52861642307971
33,5.09312902715055
166,36.9816741109503
165,6.52977292471996
165,6.52973991003955
33,4.09951450192011
166,25.6963984294503
166,13.4770154470202
166,39.9161872801101
165,6.52828248810965
34,15.2673670578197
33,4.09750332666999
166,25.69480903454
165,6.52848819963992
165,6.52618203307975
165,6.53165347397999
165,6.5310153819396
33,5.09385771890038
32,2.39899176325025
165,6.52774678835976
165,6.52867415881974
166,13.4779345626398
166,22.4824701372704
165,6.52965221113982
33,4.09487237403027
165,6.5256997317997
165,6.52595070425969
166,25.6927690675798
165,6.53000061800003
33,4.0994336123199
166,22.4826461360103
166,22.4815187592499
165,6.05244834024006
32,2.3989917632498
32,2.39899176323979
165,6.52800168761996
165,6.05363039861049
165,6.52912448467987
165,6.52759199412003
33,4.09765884531998
165,6.53293057005976
33,4.09660631448014
165,6.05762246195036
166,9.05192626898042
32,2.39899176324025
166,36.9816125643897
33,4.09559451218001
33,4.09535060418011
32,2.3989917632498
33,4.09930549592036
32,2.3989917632498
166,36.9828562603102
166,18.5966043353601
166,22.4849656989204
165,6.53082793996009
33,7.22233634192025
33,5.09298687788987
166,5.74543866091017
165,6.52911038033972
165,6.52923061465981
165,6.53048555043961
165,6.53351644739951
166,25.6935588092001
166,18.5983873702799
165,6.52902668171964
33,4.09975872495988
33,4.09940403352039
33,5.09226057194019
32,2.39899176324025
166,13.4788671174201
166,9.05464114197002
165,6.52672022866
165,6.52690312841969
33,4.09408966296041
166,36.9825703685301
166,13.4758137353401
166,9.05135091109969
166,22.50005390979
165,6.52646757549974
165,2.57962873611996
33,7.21686174134038
166,5.74707109781002
165,6.05744378035024
165,7.82748042030971
165,6.5267687954597
165,6.52830626939976
165,6.52873725827976
165,6.52875303487008
165,6.53026873350973
165,6.53049147589991
165,6.53194199953987
165,6.53222756030982
33,4.09648839368992
33,4.09515262379
33,5.09343362329992
33,5.09177364686047
166,36.9837521519398
166,5.75063081352027
166,5.7457964782302
166,5.74556808845
165,6.05398278618031
165,2.68024110570013
165,6.52683729859973
165,6.52717537324997
165,6.52773627935994
165,6.52787197528005
165,6.52818009739985
165,6.52841882731991
33,4.09392074733023
33,5.09439170184987
166,36.9809868118905
166,13.47763465558
166,10.6377999782003
165,6.52639340775977
165,6.52802329005999
165,6.52929131097972
165,6.52948838784005
165,6.53028760515963
165,6.53099835558987
165,6.53458166072005
33,4.09560669395023
33,4.09122936466019
33,5.09282259824022
33,5.09190065293024
32,2.39899176324025
166,36.9804824341904
166,25.6957976016902
166,16.3342808032503
166,5.74493186483005
166,5.74203363325023
165,6.52751728491967
165,6.52859135525978
165,6.52975711187992
165,6.53174776137985
165,6.53222430314008
33,4.09935876904046
33,4.09560466546009
33,5.09290697219012
33,5.09272828440999
33,5.0906033119204
166,22.4840323798903
165,6.52800117253992
165,6.53078841603974
101,28.4954579252699
5,2.72148044436972
61,4.45868061332067
166,22.4815896455302
166,22.4812668179502
101,28.4954579252699
6,2.85388063398022
166,9.05153392151988
165,6.52635101129954
32,2.39899176324025
99,1.55549820105034
32,2.3989917632498
101,28.4954579252699
101,28.4954579252699
102,15.2279343380096
33,4.09614081848031
165,7.82770748836992
166,16.3372558083902
165,6.05821854223041
166,36.9824465402903
166,25.6924755488003
166,16.3374576405299
166,5.74815902980981
166,5.74459114251022
165,6.52687640749991
165,6.5279282469196
165,6.52958007747975
33,4.09595024986038
33,5.09430346349018
35,8.46982631893025
32,2.39899176323979
166,36.9798517797904
166,36.9796090548703
166,26.3615483842
166,25.6953555846499
166,18.5971161290199
166,9.05382203584031
166,5.74329985474014
166,5.74197392263022
165,2.67876488044021
165,6.52730430303973
165,6.52859224241956
165,6.52939622315989
165,6.53003267063968
165,6.53034987191995
33,7.22030245478027
35,8.46982631892979
32,2.39899176323979
32,2.39899176323979
166,26.3603358548103
166,13.8055649664002
166,23.2781441504303
166,13.4775660198402
166,13.4768752703599
166,10.6361064443204
166,5.74620080407021
165,6.52686612417983
165,6.52852019375996
33,7.22048656977995
33,7.22044340506045
33,4.09752279875011
166,36.9806052920098
166,37.0967873814297
166,37.0943824607803
166,25.6913692327703
166,13.4814189643998
166,13.4756959517704
166,13.4748274682001
166,13.4731243423198
166,13.4728540633801
166,5.74464355386999
165,6.05431631223018
165,6.52553348383981
165,6.52713416552979
165,6.5280118073797
165,6.52899169080001
165,6.53099845497991
33,7.22351911248006
33,7.22032624224039
33,4.09732371514019
33,4.0956005121202
33,4.09539653593993
166,36.9845648688502
166,36.9827898279405
166,36.9824728005501
166,36.9817570144501
166,36.9816024231
166,13.4771539181002
166,5.74361779943001
165,6.5261156338097
165,6.52694613045969
165,6.52704407060992
165,6.52766735189971
165,6.52827786987973
165,6.52923776375974
165,6.5307491927997
165,6.53376618695984
33,4.09446053468992
33,5.09308907381046
166,36.9820652642497
166,26.3597558312799
166,16.3349626189201
166,13.4784961090404
166,9.05293013503979
165,6.52604352178969
165,6.53206782410007
33,7.22237915805044
32,2.39899176325025
166,36.9828123744301
166,18.5987286332602
166,18.5973253100501
166,22.4831728244303
166,22.47933285515
166,22.4988362887402
165,6.53528529761979
166,36.9850617250499
166,36.9813251453102
166,25.6954496989501
166,25.6935960576698
166,26.8273395227602
165,6.52695246739995
165,2.57962873610995
34,2.70974762182004
166,36.9826427489302
166,36.9822386597102
166,25.6948970891503
166,25.69080563134
166,25.6902454401402
166,23.2776374247305
166,26.8281816550902
165,6.52738122953951
165,6.52776227267987
165,6.52911101713971
33,4.09548171062988
166,36.98384057459
166,36.9815786660502
166,25.6950975240402
166,23.2745851917498
166,16.3349297442101
166,13.47776140526
166,18.59666864569
165,6.52825411715958
165,6.52880326760987
165,6.52915212784001
165,6.53009933249996
165,6.53171677538967
33,4.09587413510008
32,2.39899176324025
166,36.9854821941003
166,36.9845023082703
166,36.9838392167499
166,36.9834801186903
166,36.9821553192201
166,36.9804015967898
166,36.9803878609405
166,36.97791991034
166,25.6932703295201
166,25.6931536635002
166,25.69263342162
166,25.6922212338
166,23.27706648605
166,23.27627889011
166,18.5975003946801
166,18.5974252634401
166,18.59735715741
166,18.5962046890199
166,26.8279865654699
166,22.4836696156904
166,5.74790331126997
165,6.52487983136007
165,6.52761618343993
165,6.52776548953989
165,6.52961487861967
165,2.57962873610995
33,4.09747442238995
33,4.09608197475018
33,4.0930969739702
32,2.39899176324025
32,2.39899176324025
166,36.9829039415504
166,36.9813361690299
166,36.9790192412397
166,25.69775198056
166,25.6930728164302
166,25.69052420875
166,25.6892743227004
166,23.2789562329199
166,23.2766661564301
166,23.2762335238904
166,13.4782771158602
166,13.4781791708601
166,13.47751854332
166,18.5989524534198
166,18.5959647558602
166,10.6362984065104
166,22.48090962175
166,31.2296400683404
166,5.74114494782998
165,6.52742134873961
165,6.52827753309975
165,6.52830313555978
165,6.52971897241969
165,6.53062025804002
33,7.22093565955993
33,7.21925587521991
33,4.09770678223003
33,4.09736732820011
33,4.09633405315026
32,2.39899176324025
32,2.39899176325025
32,2.3989917632498
32,2.39899176325025
32,2.39899176323979
10,12.51803565721
166,36.9851030551904
166,36.9837376337905
166,36.9827693298098
166,36.9824846406004
166,36.9817768653797
166,25.6946788688001
166,23.27896520377
166,23.2768321498497
166,23.2762071781899
166,22.4827445022502
166,22.4824520236903
166,5.74342872543002
165,6.05689962435008
165,6.05597584351017
165,6.52458811449969
165,6.52504832053955
165,6.52526741350994
165,6.52594135629988
165,6.52659333355996
165,6.52670684321993
165,6.52670970439976
165,6.52691268892977
165,6.52734892065973
165,6.52746499874002
165,6.5276123999397
165,6.52794857050003
165,6.52829212093957
165,6.52839186768006
165,6.52850949573985
165,6.52864053601979
165,6.52869857443966
165,6.52869913365976
165,6.52877645483977
165,6.52890193493977
165,6.52901498645997
165,6.52937599966981
165,6.52964191299952
165,6.52969137491982
165,6.52971393410962
165,6.52974661009966
165,6.52975637475993
165,6.52976924965969
165,6.52978444945984
165,6.53010110067999
165,6.53014137559967
165,6.53016301959951
165,6.53042379877979
165,6.53052942641989
165,6.53063077961951
165,6.53068321329965
165,6.5308036576198
165,6.53123978717986
165,6.53149985527989
165,6.53172657725963
165,6.53176585489973
165,6.53282454443979
165,2.57962873611041
165,2.57962873611041
33,7.22010820592004
33,7.21998931055032
33,7.21934582972017
33,4.09569568346024
33,4.09404278704005
33,4.09381044420024
33,5.09263948373018
33,5.08953408937987
166,36.9843644958701
166,36.9834242129705
166,36.9830921546904
166,36.9826336142501
166,36.9806281811002
166,36.97514413416
166,25.6943607876801
166,25.6932376869504
166,23.2792748885704
166,23.2767648770105
166,16.3410661048301
166,16.33707871655
166,18.59896639001
166,18.59872468709
166,18.5973021491
166,18.5965755848902
166,18.5963756359502
166,18.5963477920204
166,18.5959182439801
166,13.4741338136801
166,13.4739789027003
166,22.4822684558499
166,22.4822269184501
166,22.5024379582301
166,22.4990980940202
166,22.49663798648
166,5.74409876132995
165,2.67994064360028
165,6.52755898413989
165,6.5283866411196
165,6.52851952817991
165,6.5287796773996
165,6.52914827287987
165,6.52933216949987
165,6.52963792315995
165,6.53190357836002
165,6.53272162821986
165,2.57962873610995
33,4.09251530214033
33,5.09512976780024
33,5.09340715498047
32,2.39899176323979
32,2.39899176323979
32,8.12028897985965
5,2.72261258782009
166,36.9849641837905
166,36.9848118615801
166,36.98353627197
166,25.6962708556198
166,25.6934108918799
166,25.6893925847203
166,23.2785161811298
166,23.2772044661697
166,16.3405321893301
166,16.3375151348901
166,18.5976423758402
166,13.4760560664804
166,22.4830006089501
166,22.4804482221502
166,9.04987352055014
166,5.74725813646
166,5.74711334354015
166,5.74428730841009
166,5.74325135432036
165,6.05752694242028
165,6.05635869284015
165,7.82660594775007
165,6.52518987471967
165,6.52691889926973
165,6.5273510134798
165,6.52744405221983
165,6.52833577669981
165,6.53045337127969
165,6.53136632929954
165,6.53183714055967
165,2.57962873610995
33,4.0958417611605
33,4.09425562724027
33,5.09158312739009
32,2.39899176324025
32,2.39899176324025
32,2.3989917632498
32,2.39899176324025
34,15.26478196893
107,3.62891569601015
166,36.9809079062202
166,25.6957713521401
166,25.6955510172502
166,25.6952815231002
166,25.69453594994
166,25.6944029316401
166,25.6943865418602
166,25.6924998270401
166,25.6921458012798
166,25.6908138396798
166,25.6896700275802
166,23.2775406996298
166,23.2752271548497
166,23.2746784486999
166,18.6006283951201
166,18.5995908345303
166,18.5983289763399
166,13.4763282685803
166,18.5968891859202
166,18.5962976432302
166,13.4739348049802
166,26.8309588986699
166,26.8304923645301
166,26.82786489817
166,26.8271634581602
166,26.8257619828801
166,22.4849639210101
166,22.4845682887903
166,22.48246570733
166,22.48116925353
166,22.48088215491
166,22.5007932951198
166,22.4986875987602
166,22.4976111124902
166,22.4975699523402
166,22.4972977032999
166,22.4968425121701
166,5.7479071001203
165,6.05374522060038
165,2.67731397732041
165,6.52497988555979
165,6.52639281957954
165,6.52904734471986
165,6.5298098347198
165,6.53019592165992
165,6.53034690538971
165,6.53103168909956
33,7.2203573738102
33,4.09692510160994
33,4.09635941212991
33,4.09553416738026
33,4.09448642596044
33,4.09347092782036
33,4.09345125633035
33,5.09373070998981
33,5.09306290170025
107,3.62759852338968
166,36.9833147494501
166,36.9812425600699
166,25.69706462351
166,25.69522974233
166,25.6945920865501
166,25.69370415002
166,25.69238353541
166,25.6918348547802
166,23.2801485803702
166,23.2770488311899
166,23.27528366153
166,18.5981330629802
166,13.47534454179
166,13.4739254471701
166,10.6326937874001
166,22.4875141407601
166,22.4861086535702
166,22.4824735982802
166,22.4804240902399
166,22.4789626183501
166,22.5027917173802
166,22.49972552804
166,22.49865511493
166,22.4977181272202
166,22.49766774914
166,22.4974981495802
166,22.4973386752904
166,22.4973075316602
166,22.4969957611602
166,22.49692957959
166,22.4967172953402
166,22.4947537384701
165,6.0569310210999
165,6.52655817141977
165,6.52835794886005
165,6.52890351607994
165,6.52890923077985
165,6.5297595030197
165,6.53166331275997
33,4.09706321759995
33,4.09495923098029
33,5.09181498702992
33,5.09110364485014
32,2.3989917632498
32,2.39899176324025
32,2.39899176324025
32,2.39899176323979
166,36.9842277076
166,36.9797197454104
166,36.05346330871
166,25.6957895953001
166,25.6950639484198
166,25.6937299892402
166,25.6936294577404
166,25.6920792226801
166,23.2789134108798
166,23.2785518189103
166,23.2781535183103
166,23.27255041643
166,16.3352928051499
166,13.479302402
166,18.59941183704
166,13.4763208875302
166,13.4752894223202
166,13.47512813512
166,13.4746266346001
166,13.4720959175802
166,26.8316972129901
166,22.4858268654903
166,9.05524001057984
166,22.49903520012
166,22.4971863813703
166,22.4958127433401
166,5.74642560247003
166,5.74633789764039
166,5.74553059958998
166,5.74335390395026
165,6.05434728291993
165,2.67869214278016
165,2.67665613854024
165,2.67560003614017
165,6.52670055285989
165,6.52862798653996
165,6.52934616741959
165,6.53125854321979
165,6.53128470049978
33,5.09094072602011
32,2.3989917632498
32,2.3989917632498
107,9.89489167996953
166,36.98504058561
166,25.6934200355704
166,25.6929887409801
166,25.6911630212103
166,13.47735350228
166,18.5978397499803
166,26.8260618392501
166,22.4806008622304
166,22.5002044446401
166,22.5000968552799
166,22.49772265312
166,22.49664536409
165,6.52711301265981
165,6.5277351743498
165,6.52832699302007
165,6.52914044967974
165,6.53096615839968
33,4.09669365326999
33,4.09498929377014
33,4.0948076419204
33,4.09180735230029
32,2.39899176323979
32,2.39899176323979
32,2.3989917632498
32,2.3989917632498
32,2.39899176324025
32,2.39899176323979
166,23.2796953427305
166,23.2775944608902
166,22.48129486569
166,22.49885411998
166,5.74355401213006
165,6.52854949205994
165,6.52976923739971
165,6.53018025493975
165,6.5319820559198
165,6.53244125047968
32,2.3989917632498
166,25.6949204221
166,25.6934473203401
166,25.6928454096401
166,25.691945176
166,23.2765454743903
166,18.5974500194402
166,9.0517675907804
166,9.05131467722003
166,22.4972270359499
166,22.4962321210701
166,5.74760391374002
166,5.74237642401022
165,6.5258250314796
33,7.21964354784041
33,5.09499756839023
33,5.09255244574024
33,5.09207258158995
165,8.02233450782978
32,2.39899176325025
166,36.9850948583403
166,36.98329692381
166,36.9829721292003
166,36.98240301132
166,36.9820115705102
166,36.9815401365099
166,36.9814487328199
166,36.9808555343402
166,25.6955058777198
166,25.6944240521502
166,25.6923529063702
166,25.6917644749901
166,25.6915742267802
166,25.6914167712998
166,25.6909315129401
166,23.2716718656102
166,13.4781455315901
166,18.5982719188801
166,13.4740123338602
166,10.6349482106202
166,22.4819850113704
166,22.4975742840002
166,22.4949161500504
166,5.74692846124026
166,5.74468337038024
166,5.74419556273006
166,5.74393034148989
165,6.05749701567993
165,6.05741966365031
165,6.52733198537999
165,6.52741839178952
165,6.52899425587975
165,6.52917003350967
33,7.22271109541043
33,7.22237549118017
33,7.22090724486998
33,7.21976815249991
33,4.09770861662992
33,5.09668989845022
33,5.09132780645041
32,2.39899176324025
166,35.9092732494701
166,36.9802176444705
166,36.97857183118
166,25.6968244906002
166,25.6929841594801
166,25.6919303602003
166,25.6893478830402
166,23.2776363602197
166,23.2767890816704
166,23.2756364400202
166,23.2751735942502
166,23.2746908216604
166,13.4811615306803
166,13.4772870996399
166,18.59829110499
166,13.4764042195202
166,13.4757133656799
166,10.6365502836902
166,10.6287815196802
166,22.4843967344
166,22.4808104552098
166,5.74554376340029
166,5.74355272355024
165,6.05586993429051
165,6.52833916213967
165,6.52884129341965
165,6.53071592002971
165,6.53175835928005
165,6.53226835298983
165,6.53387470027974
33,7.22256712054013
33,7.2196419346601
33,7.21940802019026
33,7.21752645817014
33,4.09722683696009
33,4.09516456520987
33,4.0943853406302
33,5.0933080998002
33,5.09281900126052
166,36.9837209182101
166,36.9829393846699
166,36.9791866761102
166,26.35917358502
166,25.69373263744
166,25.6914986182201
166,13.4808537798203
166,18.6009880984602
166,13.4792481687
166,13.4758084175701
166,13.4737638946403
166,10.6378194437102
166,22.4798967565898
166,9.04942570794992
166,22.4995966896499
166,5.7463128761301
165,6.05614580306019
165,6.52656581230985
165,6.52833607289995
165,6.53215036395977
33,4.10038699570032
166,36.9852313869301
166,36.9850167091104
166,36.9835673928901
166,36.98354238609
166,36.9829556981999
166,36.9828644510703
166,36.9828213441801
166,36.98252672441
166,36.9823515746098
166,36.9819139603501
166,36.9812192229901
166,36.9810546948897
166,36.9807853178704
166,36.9806741727602
166,36.9806379385204
166,36.9802657278501
166,36.9798370931098
166,36.9791626751398
166,36.9791043973601
166,36.0532549900299
166,25.6933346759201
166,25.6901953069
166,23.2798195231699
166,23.2779981539898
166,23.2764728067705
166,23.2744572771999
166,18.5988595854401
166,18.5979026394798
166,18.5944698838202
166,22.4821953620899
166,9.05329683991022
166,22.5011407969
166,22.4997881906402
166,22.49669838105
166,22.4963985337804
165,6.52399205863958
165,6.52855683369989
165,6.53069335608006
165,6.53076396875986
165,6.53094228306009
165,6.53096361217968
33,4.09994165972012
166,36.9880205975901
166,36.9841270392903
166,36.9827926745097
166,36.9825220415701
166,36.98190295212
166,36.9817503873901
166,36.9809134755401
166,36.97834402739
166,36.9781875648
166,23.2733657683302
166,18.6008961088201
166,22.4846263309601
166,9.04811465347029
166,5.74647172094001
166,5.74586834300999
165,6.52541460451994
165,6.52918979907963
33,7.22252573595006
33,7.21970601980001
33,5.09278522482009
166,36.9861121547101
166,36.9840776691904
166,36.9840683696398
166,36.9830748672898
166,36.9828406375204
166,36.9826752173099
166,36.9815056101402
166,36.9814064399102
166,36.9807425947602
166,36.9799282957601
166,25.6953865249002
166,13.47893107046
166,13.4763760053502
166,22.5007229243702
166,22.49926230252
166,22.4952095622898
166,5.74550271859016
166,5.74535310151032
165,6.52675985095993
165,6.52815837707976
165,6.5294246612998
165,6.53042504135965
33,7.22430899919027
33,7.22192908778015
33,7.22118931334035
33,7.22035327098047
33,7.21956907947015
33,7.21891866206033
33,7.21872131469036
33,7.2163173291101
33,4.09584740177024
33,5.09438601593001
166,36.98390394021
166,36.9810575237602
166,36.9801257862905
166,25.69452641821
166,18.59733083432
166,5.70320403782034
165,7.82957606522996
165,6.52840619047993
165,6.52879718217991
165,6.5305644304799
165,6.53211418377987
33,7.22159308547043
33,7.22085641172043
33,4.09650314810006
33,5.09351141017987
32,2.3989917632498
20,5.25645829208042
166,23.2788085412203
166,22.5009447171201
165,2.57962873611996
32,2.39899176324025
166,18.5966398772798
166,18.5945676861202
166,22.4835264925
165,6.53068167781976
166,36.9836095284904
166,18.59946659252
165,6.52865046789975
166,36.9832373620598
166,36.9788765901899
166,23.2760569621705
166,9.0507748088603
166,5.7451481272301
166,25.6931999551002
166,23.2794120416902
165,6.52677606759971
33,7.22154105230993
33,7.2211300526601
33,4.09614848493993
33,4.09133166834044
32,2.39899176323979
100,9.68055193443024
32,2.39899176325025
167,10.2914183288503
166,25.6913025455801
32,2.39899176324025
166,25.6948902435502
165,6.52878564057983
166,13.4756986725301
166,13.4755831452198
165,6.5248282545399
165,6.53176412693983
33,4.09612892295036
33,4.09218226742041
166,36.9837207273699
166,36.9828581865099
166,36.9822244552502
166,5.75050517578029
165,6.52705449661971
165,6.52790947481981
165,6.52895917585965
165,6.52947123117974
165,6.53170505955995
33,4.09554866044027
33,5.09243583164016
166,36.0518107202597
166,13.47586156228
166,13.4756457383201
166,18.5950115606802
166,10.6375442920903
166,5.74513183422005
34,37.2005090620301
166,10.63412805396
165,6.53047713891965
166,13.4776402049902
165,6.52678119893972
165,6.52684759266003
33,5.08926847573048
165,6.52849635950997
165,6.52924624609977
33,4.09581843880005
33,5.09209643974054
166,36.9823938026698
166,18.5992875645002
165,6.52633848029973
165,6.53289150629962
33,4.09737091668012
32,2.39899176324025
102,1.82096974108981
20,5.2577104760303
20,5.25926029694983
20,5.25704906339024
38,7.90431806110973
166,18.5965862725898
107,2.72748522342954
101,28.4954579252599
5,4.10086965354958
20,5.25972862685012
165,6.52842991890975
34,2.71123055732005
102,1.82096974108981
166,25.6928238638102
33,4.09756715734011
33,4.09713288657031
102,1.19478502177026
102,1.19614634201025
166,26.8296433595101
38,3.45198387517985
20,5.26231189857026
20,5.26095778149011
20,5.26039070979004
107,2.72748522342954
165,12.5247552638302
165,12.5236023470702
166,5.69975497336009
101,28.2004893574299
104,32.6477346203101
166,36.9785446618703
166,18.5942315921002
166,22.5001674446899
166,22.49446005441
165,6.05487583212016
165,6.53065807673966
165,2.57962873610995
33,5.09516745867995
32,2.39899176323979
32,2.39899176323979
165,6.53115955023986
165,6.52906173131987
166,10.63602740026
166,25.6970735713599
166,26.8264651104
33,4.09826212384041
165,6.5288345280801
165,6.5305729137599
166,39.9205243144702
166,36.9791268948698
166,22.4957039996602
165,6.52663057615973
33,7.22152895881027
33,4.09511717828036
33,4.09812905783019
166,23.2772297470301
166,23.27598532293
166,36.9815320275097
33,4.0961475203203
33,4.09591563758022
34,15.2680429032798
99,8.37419734935975
167,7.67398691641984
99,8.3741973493602
165,6.0571469001502
103,3.09268754471077
99,6.48383644978048
166,9.0509646581404
165,6.52365855779999
33,4.09248124697024
34,15.2630674274697
166,36.9804738944199
166,9.05034307826008
165,6.05494490087995
165,6.05270451271008
165,6.52923942193001
33,4.09489538391017
33,4.09312215484033
34,15.2707325236297
34,5.41346468901975
34,37.1975314956003
165,19.1298132614302
166,13.4766791561201
32,2.39899176323979
33,4.09598249415012
33,4.09539942105994
33,4.09495349154031
166,25.6929964033402
165,6.5277994134799
33,4.09734124548004
35,2.86349536887019
32,2.39899176323979
166,36.9804813337701
166,25.69075489648
165,2.67756458825988
165,6.52770249443984
165,6.52887596421988
165,6.53125346154002
166,13.4771660243
33,4.10009020040025
166,22.5020531547802
165,12.52362559213
101,28.2004893574199
166,22.48406170931
166,18.6000322156801
166,26.8290218352699
33,7.21935345156044
32,2.39899176323979
32,2.39899176324025
32,2.39899176325025
32,2.39899176325025
166,13.4762560885802
165,7.83171504762959
165,7.83292064926991
165,6.52775344129986
165,6.52831058477977
165,6.53002761679954
34,15.2650702905498
34,15.26851200689
132,23.3452668108398
167,7.67398691640983
166,25.6965193757601
166,23.2764328756703
166,26.82842932536
166,22.4811117590302
166,5.74684266224995
165,6.52498724401994
165,6.52580148107972
165,6.52735903719986
165,6.5304002104599
165,6.53073231209009
165,6.53374447521992
33,5.09109051523001
34,3.2609873583101
32,8.80487437599004
41,18.7326074114699
167,7.67398691641984
166,36.9822269389601
166,36.9821123222705
166,13.4735894954802
166,26.8255829234799
166,10.6330700346202
165,6.05575605312015
165,6.05367549160019
165,6.05347967835996
165,6.52800566655969
33,4.09459358193044
33,4.09343313807994
35,2.86349536886974
34,2.7106492846101
166,36.9814944777904
166,22.4822890444302
165,6.0519210583102
165,6.52726151929983
165,6.52825912474009
33,4.10126985574016
33,4.09612709631028
33,4.09503381183049
33,5.09298207157053
166,9.0488021118399
165,6.0571916498202
165,7.8275180362898
165,6.52569333595966
165,6.52714427265983
132,20.71717632134
166,36.9878246193698
166,13.4742196771399
166,22.4816961329902
165,6.52872891299967
33,7.22118825038024
32,2.39899176325025
166,13.4744736617799
165,6.52721447796966
165,6.52797639091978
165,6.53028947917983
33,4.10073367406994
33,4.09230156671993
33,5.09088558100984
166,22.5015891820799
165,12.5257476413703
165,6.52444419213998
102,1.82096974108981
166,13.4740780115803
165,6.52929490729957
165,6.52995683721974
165,2.57962873611041
33,7.22126798703039
33,7.22011760707028
32,2.3989917632498
166,25.6950577603798
33,7.22007559368012
33,4.09890836818022
101,28.2004893574199
101,28.4954579252699
101,28.4954579252599
165,6.53127237750004
101,28.2004893574199
20,5.2588570244302
101,28.2004893574199
101,8.33718427734948
20,5.26277496507009
167,7.67398691640983
103,3.09606848401063
167,7.67398691641984
167,7.67398691641984
101,28.4954579252699
101,28.4954579252699
101,28.4954579252699
101,28.2004893574299
101,28.4954579252699
101,28.2004893574299
101,30.80849247486
103,3.0920373920103
101,28.4954579252599
101,28.2004893574199
101,28.2004893574199
167,7.67398691641984
101,28.4954579252599
101,28.2004893574199
167,7.67398691641029
101,28.4954579252599
101,28.2004893574299
165,6.52611034358006
165,6.05767603114009
33,5.09297363480027
167,7.67398691641029
101,22.9464535401498
101,13.7292396668399
101,33.9966066929796
101,28.4954579252599
167,7.67398691641984
167,11.4167383884801
101,28.4954579252599
101,28.2004893574199
167,7.67398691640983
102,1.82096974108981
101,28.2004893574299
101,28.4954579252599
167,7.67398691640983
20,5.26378200005001
101,28.2004893574294
107,2.72748522342954
99,7.09652332543965
101,28.2004893574299
167,7.67398691641984
104,32.5593165926703
167,6.65315913433005
101,22.9464535401598
104,12.5341557163301
102,8.10252558729007
101,28.4954579252699
110,0.959749046679917
101,28.4954579252699
168,9.77232356118975
101,28.4954579252699
167,7.67398691640983
101,28.4954579252699
132,23.3463575845999
104,14.8570195024804
101,28.4954579252599
6,14.93778262251
38,10.4180377758298
168,9.77232356118975
165,6.52761478493994
167,7.67398691641984
6,19.2075959609301
166,25.69549025266
165,6.5285947115799
166,36.0550178114399
166,22.4809542545304
165,6.52792346077968
101,22.9464535401498
166,25.6908426894202
166,23.2756464059503
166,5.74528441948996
33,5.09277434725982
75,26.9866356414204
6,19.17287522167
167,7.67398691640983
165,6.52957001402001
165,13.7773626735402
6,37.0471768627203
167,9.14325108139974
167,6.65000672521001
101,28.2004893574299
101,28.4954579252699
107,3.62647392097006
167,5.07567277456019
101,28.4954579252699
167,9.14020437554018
101,28.4954579252699
101,28.4954579252699
110,0.959749046680372
167,7.67398691640983
167,4.53226979142983
104,9.46069898238056
6,19.1773499854003
132,23.3472385003997
101,28.4954579252699
104,9.46162316323034
6,19.2105163425404
168,9.77232356118975
101,28.2004893574299
101,16.3838257459397
6,19.1754745620897
101,28.4954579252699
104,32.56241520409
6,19.17549891307
91,7.76908754915985
110,15.66782953355
166,36.9826280595803
166,36.9810273394301
166,25.6942671787601
166,25.6893811453001
166,33.6133883774501
166,33.6071023517702
165,6.05205187914044
165,12.5770112345303
165,12.5759228387801
165,6.52967113299974
165,6.53081279663957
165,6.53283533699005
33,4.09831647389046
165,12.8115262872698
165,10.8743102725402
34,3.26073603586019
32,9.16624908341009
32,8.80487437599004
32,8.80487437598003
165,35.9540204210098
38,10.4180377758298
3,16.6139290694696
166,36.9841365048601
166,36.9803583207899
166,36.9798292219498
166,25.6968327066602
166,25.6955980105599
166,25.6915527087999
166,13.4764234694899
166,22.4790243713701
165,6.05234437645004
165,7.82838035813984
165,7.82909677327007
33,4.09726534733045
33,4.09556818098008
33,5.09373584008017
33,5.0889620207704
32,9.16624908341964
38,10.4180377758398
166,36.98294808325
166,36.9813699821702
166,25.6946910934798
166,25.6932504439401
166,25.6893116935603
166,23.2795393649503
166,13.4781376936203
166,13.47774732888
166,5.74645309910011
165,6.52530342274986
165,6.52768667204009
165,6.52779568383994
165,6.52926548041978
165,6.52999092071968
33,7.22096153578013
33,7.22016597030006
33,5.0919262286402
33,5.08996164911014
34,15.26451357919
38,10.4180377758298
101,28.2004893574194
166,36.9778078740701
166,25.6935014848
166,25.6925211450202
166,25.6911843151001
166,13.4764041370204
166,5.70124262283025
166,5.74402886986036
166,5.74328681953011
165,7.83095911864984
165,6.52657199095984
165,6.52750892799986
165,6.52919851973957
33,4.09770881286022
32,2.3989917632498
166,25.6939297992299
166,25.6935429349401
166,13.4789223696303
166,5.74634806135009
165,7.83358120521007
33,5.09458653927004
166,25.6931496540601
166,23.2753371233503
165,6.05701044240004
165,6.5300923275995
6,14.9341744062003
110,27.6850482029899
166,13.4744857660803
33,7.22209642669031
33,4.0961475653603
33,5.09000969146018
6,11.9837719670404
110,27.6850482029799
166,36.9833721822301
166,36.9823246102701
166,25.69539269094
166,13.4755144047799
166,10.6364090188804
165,6.52829666673961
165,6.52879737227977
165,6.52887519360002
165,6.53022265389973
33,7.22477885058015
11,9.8380426711301
166,36.9814516848005
166,36.98072215611
166,25.6940977869203
166,25.6903439668399
166,5.74386393784016
165,6.5269423663799
165,6.52889336391991
165,6.5297145526597
33,7.22103487438017
33,4.09620261004011
33,5.09017427415029
101,28.2004893574199
166,36.9790291477698
166,25.6975311597803
166,25.6927055064402
166,13.4754921673198
166,9.05197150064032
165,6.05631505670999
165,6.05444720340029
165,6.52771416477981
165,6.52927885269992
166,26.3624128097804
166,25.6966733960403
166,25.6936432793304
166,23.2785804021705
166,13.4788199652198
166,22.4864613513701
166,5.70267058995023
165,2.67911326989997
165,6.5283282450996
165,6.52938870673961
165,6.53065966715985
33,7.22274325436001
33,7.22097171060022
6,19.1751671885199
166,36.9845735172298
166,36.9824946827698
166,25.6954914205103
166,25.69400543654
166,13.4763129738399
166,5.74646952000012
166,5.74343304654985
165,6.5273236708199
165,6.52865459445957
33,7.22322793561034
33,4.10070330696044
33,5.09376069476048
6,19.1703037420198
6,19.2072713125699
166,36.9822059037201
166,25.6935073394302
166,25.69192134182
166,13.4770644445703
166,13.4762104465403
166,13.4750763138104
165,6.52698910146
165,6.5296928491598
165,6.52982881907974
166,35.9079309979102
166,36.9824241771798
166,36.9821721117601
166,25.6956948770799
166,25.6949361597203
165,6.52807661212
33,7.22108053630018
33,7.22075722628006
101,22.9464535401498
101,28.4954579252694
101,8.34026980169983
166,35.9076240726499
166,36.98285383959
166,36.9826944731499
166,36.9812635146905
166,25.6917111156004
166,25.69069005756
166,18.5973204277502
166,13.4746158715302
166,10.6328265613902
165,2.67729576030024
165,6.52780796777961
165,6.52790448509995
33,4.0943988969002
33,5.09397437559028
33,5.09187766840023
101,22.9464535401498
101,28.4954579252699
166,36.9840440950097
166,36.9822600318698
166,25.6973379066399
166,25.6946402743201
166,13.47751084016
166,5.75054846066996
165,6.52823795636004
165,6.52899363443976
165,6.53017737063965
33,4.09529092762023
33,5.08943570062047
166,36.9809290098201
166,25.69013575196
166,13.47999087172
166,5.69984922874028
166,5.69950697958029
166,5.74362219025033
165,6.05731237485043
165,6.52451173891995
165,6.52874550957995
33,4.09718035340029
33,5.09392723205019
33,5.09370323873054
166,13.4773020757998
166,13.4766706328001
166,9.04821421948054
166,5.74462580791032
165,2.67611436402012
165,7.82508453166975
165,6.52646789157961
33,4.09510287564035
33,5.0930451315503
110,17.2060663542702
101,28.4954579252699
101,28.4954579252699
166,36.9820189745001
166,36.9814908637404
166,26.3635337534402
166,26.3611804673501
166,25.6926550408202
166,10.6355246643502
166,5.74687362403029
165,7.82887882993964
165,6.53000450591981
33,4.09661003884003
110,36.4558067747698
166,36.9822464725398
166,25.6963830194404
166,23.2764121466198
166,5.74651989416998
165,6.52570577255983
33,5.09629767856995
101,28.2004893574199
165,6.53109973397977
166,36.9852853652301
166,26.3593909466204
166,25.69401941162
166,10.6353601402002
166,5.74350798728983
165,6.52980600927958
33,7.22316497634029
33,4.09711439998
33,5.09022976663027
101,28.4954579252699
101,9.81563074636961
166,36.98114143471
166,25.6929845736099
166,10.6346956663001
166,5.70139486404014
166,5.74623370075005
165,6.05618728822037
165,6.53138654895974
33,5.09237165901004
101,28.4954579252699
101,28.2004893574299
166,36.9825775829499
166,25.6947210949802
166,10.6327999823102
166,5.74737854405021
165,7.82919796180977
165,6.53068219509987
33,5.09206829820005
33,5.09098943530034
33,5.08783617049039
165,10.8743102725402
38,10.4180377758298
101,28.4954579252699
101,8.34344971282007
166,25.6921570094601
166,10.6364928695898
166,5.74420298706036
165,6.52913020421965
165,6.52969587043981
33,7.22339622184018
6,14.9316377555601
101,28.4954579252699
101,28.2004893574199
166,25.6905970154698
166,9.05280475246036
165,6.05547007326049
165,7.82921992274987
165,6.5302477846999
165,6.53073818941994
165,6.53250716458979
33,5.09482913317015
33,5.09314890925043
33,5.09099460653988
101,28.2004893574299
166,25.6951641563601
166,23.2790122595497
166,9.05623979826032
166,5.74508665659005
165,6.05674920630008
165,6.5277304044198
165,6.53165533281981
165,6.53181031409986
33,7.22340150388027
33,4.09650562341039
33,5.09184814638002
101,28.4954579252699
101,28.4954579252699
101,28.2004893574299
166,36.9835870002503
166,36.97969395069
166,25.6933036253999
166,9.05122448690054
166,5.70227159137994
165,6.52806835867977
165,6.52827449183997
165,6.52932846880003
165,6.5307978288597
33,5.09121277407985
33,5.09088095053039
165,6.05828635664011
165,7.83044807233
165,6.52495130097986
165,6.52609158159976
165,6.52692422619975
165,6.52869454492975
165,6.53001553043987
33,4.09856845128024
33,5.09658188828007
32,2.39899176325025
101,28.4954579252699
166,35.9049295517702
166,36.9810521272798
166,25.6918365404504
166,23.2787182679704
166,13.4783499299401
166,18.5987736706002
166,10.6374224818501
166,5.74765629034982
165,7.82732965556988
165,6.52837309413962
165,6.52967015845979
165,6.53071894735967
33,4.09612113601042
33,5.09176725057023
166,36.9827512587904
166,36.9823363680903
166,36.9798606198301
166,25.6948301069101
166,25.69234197994
166,13.4802364898001
166,5.74588624587022
165,6.52969724813966
165,6.53120523932967
33,4.0961405641001
33,5.09418713607056
6,19.2091830760901
166,23.2787803615101
166,23.2773178666303
166,5.74462019553039
165,6.52790018532005
165,6.52988917353969
33,4.09662502796027
33,5.0928145356902
33,5.09102344896019
32,2.39899176323979
166,36.98540203733
166,25.6931169437999
166,23.27794031753
166,13.4734040158801
166,5.74424083447002
165,6.52762061007979
165,6.5283731484401
165,6.52892552803996
165,6.52906113035988
165,6.53003123311964
33,4.09515617452007
33,5.09108801451021
101,28.2004893574199
166,35.9016700489301
166,22.50000724966
165,5.71047682487051
165,6.05610340870999
165,6.52854654409975
165,6.52933283834
165,6.52973991253975
33,7.22140898397038
33,5.08944569373989
166,36.9841511728305
166,25.6916431848199
166,5.74799162152021
166,5.74542373205031
165,6.52918469793985
165,6.53016937136954
165,6.53047342207992
33,4.09970755394033
110,23.74308255809
166,25.6927320298901
166,23.2759694816805
166,13.47928936066
166,18.5955690123801
165,7.82557256182008
165,6.53054999263986
33,5.09433605538015
33,5.09065424106984
166,25.6955219801598
166,23.2777196403204
166,13.4760029460899
166,5.74197405125005
165,6.52878790421983
165,6.53002001267987
165,6.53205264217968
33,7.21909124401009
6,14.9344850243601
166,25.6934979469402
166,18.5992503316502
166,13.4767305889704
165,6.52786846459958
165,6.52928417971953
165,6.52948135681982
33,7.22258889368004
33,5.09275604838012
166,36.98183101107
166,25.6948855685
166,13.47715969828
166,18.5952618379702
166,5.74844353737035
165,6.5267436429599
165,6.52681861397969
165,6.52874996020955
165,6.53060975161998
33,5.09623800794043
33,5.09347197930992
166,36.9827706198098
166,25.6935998370705
166,18.5976767766501
166,9.05387729820995
166,5.74428294460995
165,6.52916913683976
33,7.21914429210028
33,5.0909153398502
166,36.9829430166101
166,25.6918039020602
166,5.69788202709015
166,5.74472274666005
165,6.53209614697971
165,6.53496141703954
33,7.22350299480013
33,7.22127014797024
33,4.09691901110045
6,19.2098459538502
101,28.4954579252699
166,36.9802474042203
166,25.6938262205199
166,13.4760604571002
166,5.74648921445032
165,6.52749637444003
165,6.53220077761989
33,7.21992062762047
33,4.0919182963803
33,5.09288630081983
33,5.09142544614997
167,6.6512410649002
101,8.3388610145098
166,36.98291232355
166,25.6965826415003
166,5.74759915064033
165,6.06089166655011
165,6.52789354328979
165,6.53128044437972
165,6.53149867653974
33,7.22432608801
33,7.22068192395045
101,28.4954579252599
166,36.9808336047504
166,36.9791638408101
166,25.69495236176
166,25.69054869196
166,23.2765275886304
166,5.74659482181005
165,6.05616084314033
165,2.67683839258007
165,6.52834031007978
165,6.53018387587008
33,7.22391662712016
33,7.22174180060028
33,4.09460014818023
33,4.09431651027035
166,25.6933486089602
166,13.4763133583801
166,18.5958068642803
166,5.74557779614997
166,5.74501933446982
165,6.05980952169011
165,6.05636994252018
165,6.05489469552003
165,6.52675659497982
165,6.52728431421974
33,7.22549760276024
33,7.22519304056004
33,7.22081018686004
33,4.09977450058022
33,4.09857266796007
33,5.09322350014054
33,5.08947653257019
166,36.9831859806304
166,36.9806529800103
166,25.6948145279498
166,23.2767942212004
166,13.4777851225203
166,9.05299728651971
166,5.7461735064303
165,6.05532766343049
165,6.52569255129993
165,6.52643675297986
165,6.5268159513198
165,6.52851204609988
165,6.52906973747986
165,6.53438762705991
33,7.22135135815006
33,7.21822609494029
33,7.21778457422033
33,4.09473392518021
6,19.2081201586097
166,36.9824862803403
166,37.0924779039306
166,26.3622959958202
166,25.6939057125601
166,25.6935024203199
166,25.6934134201401
166,25.6927131629004
166,23.2790568025903
166,13.4770421137
166,5.74598007026998
166,5.74394800901018
166,5.74210373092001
165,6.0553153461201
165,6.52734723006006
165,6.52752814570977
165,6.5298880375999
165,6.53160756871966
33,4.09363188254019
33,5.09473248401036
33,5.09391450164048
33,5.09114457427995
166,5.74865960938996
165,6.52980425409987
33,4.09603397209003
101,22.9464535401598
101,22.9464535401498
101,28.4954579252699
166,9.05267617743993
101,28.2004893574299
101,28.4954579252699
101,8.34212554065016
165,6.52653612351969
165,6.52809107025996
101,28.4954579252699
32,2.39899176324025
6,14.9314091996803
20,5.26003928573027
166,36.9848330540904
166,36.9809421093601
166,37.0942032306602
166,37.09326930715
166,25.6936466840002
166,25.6915219327798
166,13.47932046294
166,22.4853980653302
166,9.05229272381985
166,5.74609279791002
165,2.67519959406036
165,6.52926393167991
165,6.52948084729951
165,6.53151560085962
165,6.53165598401984
33,7.22008489778045
33,4.09440485134019
32,2.3989917632498
166,25.6904077119002
166,23.2791785187401
166,13.4780490808403
166,18.5984131333398
166,5.74407899957032
165,2.68027215152051
165,6.52845869921975
165,6.53293368947971
165,6.53316931237987
33,7.22292737194994
33,4.09390564473006
33,5.09217084495003
166,36.9829928439199
166,36.9790223139103
166,25.6934525860202
166,25.6921206284001
166,13.4780731796004
166,13.4746261343603
166,18.5960766100402
165,6.05561491333037
165,6.52650604788005
165,6.52796596587996
165,6.53014617117969
165,6.53046597789989
165,6.53179894928007
33,7.21828127757044
33,4.09197786848017
33,5.09375771964051
166,36.9813485361701
166,25.6943965746
166,25.6943186987801
166,25.69242180844
166,13.4747732171804
166,18.5956484279404
166,5.74653609231018
166,5.7441493902902
165,7.83208359938999
165,6.52754395665988
165,6.52976107101995
165,6.53084958726004
33,7.21750744588007
33,4.0973546630803
33,5.09525463930049
6,2.85388063398022
166,36.9809750756099
166,25.6941444326799
166,13.4778887880798
166,5.74484084657024
165,6.52744043037956
165,6.52940340134001
33,7.22536356948012
33,7.22155345916008
33,4.09786266879019
166,36.9829023712505
166,25.6969628267602
166,25.6956220775
166,9.04900997791992
166,5.74622122869005
165,6.52416986695971
165,6.52919063781974
165,6.53107227999999
165,6.53116635835977
33,7.21967145798999
33,5.09366031597028
110,32.0501875929699
166,36.9808558490299
166,36.9796363584901
166,25.6950009998404
166,25.6921461249599
166,25.6918736825
166,25.69168183698
166,13.4762714998601
165,6.52612679711956
165,6.52697071398006
165,6.52955303135968
165,6.52990500484975
165,6.53079229477999
165,6.53239469471964
33,7.22359906634028
33,5.0965560892605
166,36.9818815147601
166,25.6917669157201
166,25.69166673676
166,5.74517674497019
166,5.74509574379999
165,6.53114766597992
33,7.2227139502902
33,7.22140511162024
33,7.21978414575005
33,5.09310446613017
33,5.09164296136032
33,5.09134552776004
101,13.72281480215
166,36.9831982485698
166,36.9830852059599
166,25.6899392538803
166,13.4756077617399
166,13.4752985641603
166,9.05079766860035
166,5.7480338165301
165,6.05638810147002
165,6.5287480267998
165,6.52888979271984
165,6.53004373323984
165,6.53049795188008
165,6.53073448432997
165,6.53132960161975
33,7.22238445802031
33,7.22194994027041
33,5.09576330582013
33,5.0948068062703
166,36.9843292710898
166,25.6942275736801
166,25.69192278436
166,25.6895104950604
166,25.6890907760603
166,13.4785051203003
166,9.05023972662002
166,5.74228480947022
165,6.52603584671988
33,7.22269462354006
33,5.08997403169042
166,36.9830993973401
166,25.6922594597104
166,13.4748987944099
166,9.05467670353028
166,5.69996302580012
165,6.52398038161982
165,6.52548741857981
165,6.52962704647007
33,7.21762864219045
33,4.09614549546995
166,36.9814474421701
166,36.9784708581401
166,25.69530843349
166,25.6919165086101
166,25.6917019506604
166,13.48192916584
33,7.22324645929029
101,28.4954579252699
101,28.2004893574199
166,36.9812331524504
166,36.9796122154698
166,25.69554223561
166,25.6943168745502
166,25.6942936530199
166,25.6933529726598
166,13.4775226253601
166,13.4737742361999
166,5.74849765058025
165,7.83018792004987
165,6.5299064712799
165,6.53101293316968
165,6.53120524236965
33,5.09286244142049
101,28.4954579252699
166,36.9814100593799
166,36.9786212183903
166,25.69592178622
166,25.6911837236098
166,13.4764671712401
165,6.52806747831983
165,6.52955416843952
165,6.53114571804008
101,28.4954579252699
166,36.9835734624598
166,36.9789389323801
166,25.6955542472201
166,25.6955249797002
166,25.6923986407601
166,25.6908876467601
165,6.05444875216017
165,6.52696977751975
165,6.52750134489952
165,6.52862911117973
165,6.53036821959995
33,7.22135997645046
33,7.22115690621013
33,4.09507708630008
33,5.09224541859021
166,36.9796661859505
166,13.4759113033601
165,6.52824567159996
165,6.52919085591975
165,6.52943230056962
33,7.22016421896024
38,10.4180377758298
166,36.9854362638303
166,25.6972838696702
166,25.6953559426802
166,25.6950667890601
166,25.6925096903601
166,25.6911294730803
166,5.74793055180999
165,6.52686595457953
165,6.52903762953974
33,7.22307031915034
33,7.22167130604021
33,7.22154723093035
33,7.22146220177046
33,7.21901180196028
6,14.9357934650402
166,36.9832582858303
166,36.97865559509
166,37.0976545531403
166,25.6962860113103
166,25.6944409627099
166,25.6930353843404
166,25.69162297202
166,13.8044106764901
166,5.74547481157015
166,5.74245565665024
165,6.5265737712798
165,6.52726476094995
33,7.22538543487008
33,7.2225272494602
33,4.09693990496044
166,36.9830504282204
166,36.9829323533299
166,36.9810028676497
166,25.6938153841002
166,25.6929083303198
166,13.4817875444701
166,13.4778876350001
166,13.4777406031603
166,5.74883024150995
166,5.74757692487992
165,6.05377435254013
165,6.52712740531979
165,6.52742933167974
165,6.52810612791973
165,6.52900984811959
33,7.22286577672003
33,5.09641234446053
33,5.09243072014988
166,36.9823116860703
166,25.6963902829198
166,25.6949649677003
166,25.6947385182798
166,25.6927446477798
165,6.52847554205982
33,7.21888811386043
166,36.97922353899
166,25.6927363892
166,25.6904521573201
166,5.74682797989999
165,6.52653379089998
33,7.22028504749005
166,36.9811205337801
166,36.9785205963904
166,25.6951080878503
166,25.6947628042403
166,25.69325649135
166,5.7460043483502
165,6.52644182299991
165,6.53081167002983
33,7.22255135758996
33,7.22012143915026
33,7.21999919766995
33,7.21948825626032
166,36.9833285674599
166,25.6943398764001
166,25.6941312083904
166,25.6938161092799
166,25.6920803057201
166,13.47713751842
166,10.6329167930703
166,5.70273990632995
166,5.74383204841024
165,6.0598512922802
165,6.52848742279957
165,6.52865144723955
33,7.21826482411007
166,25.6980622382002
166,25.6956375675304
166,25.6953008013802
166,25.6951869588402
166,25.6946941963602
166,25.6916589409398
166,25.6901655300403
166,40.6526342799202
166,9.05219019381002
165,6.05746145532021
165,6.05374925916021
165,6.52670088733976
165,6.52844897369005
165,6.52866867166995
33,7.2219397619001
33,7.22125780769011
33,7.21883857588045
166,36.9787366477299
166,25.6941760070199
166,23.2762607311697
166,22.4977835923501
166,5.74469921570017
165,6.53053917737952
33,4.10036838614042
166,25.69420620246
166,25.69060197831
166,9.05056875886021
166,5.74548080955037
165,6.05300503565013
33,7.22017216761014
166,36.9799892822298
166,26.35645491901
166,25.69450673254
166,5.74588601471032
165,6.52746070215971
165,6.52905675819966
165,6.52985556437989
33,7.22206409462024
6,19.1767576642001
6,19.20761045975
166,36.9808877614601
166,37.0924650752804
166,25.6946239027302
166,25.6915417731602
166,13.8061471492802
166,13.8045971646898
166,9.05345095187022
33,4.09617863751009
32,2.3989917632498
40,2.47156106335024
166,25.69276976214
166,9.0529544719202
166,5.74773559878986
166,5.74590168638997
165,6.05805648992009
165,6.5327012299399
33,7.22112926244017
102,1.82096974108981
166,36.98417566952
166,26.3606103765101
166,25.6939331825201
166,10.63275892923
166,9.05264652757978
166,9.05136075633982
166,5.74595276960008
166,5.74432774835032
165,6.52812315241999
165,6.52835729297976
165,6.52930143859976
165,6.53048744573971
166,9.05191436028053
165,6.52849923077974
33,7.22362158997021
